,Subjects:,No focal subject,No focal subject,No focal subject,No focal subject,No focal subject,No focal subject,No focal subject,No focal subject,No focal subject,No focal subject,No focal subject,No focal subject,No focal subject,No focal subject,No focal subject,No focal subject,No focal subject,No focal subject,No focal subject,No focal subject,No focal subject,No focal subject,No focal subject,No focal subject,No focal subject,No focal subject,No focal subject,No focal subject,No focal subject,No focal subject,No focal subject,No focal subject,No focal subject,No focal subject,No focal subject,No focal subject,No focal subject,No focal subject,No focal subject,No focal subject,No focal subject,No focal subject,No focal subject,No focal subject,No focal subject,No focal subject,No focal subject,No focal subject,No focal subject,No focal subject,No focal subject,No focal subject,No focal subject,No focal subject,No focal subject,No focal subject,No focal subject,No focal subject,No focal subject,No focal subject,No focal subject,No focal subject,No focal subject,No focal subject,No focal subject,Individual 1,Individual 1,Individual 1,Individual 1,Individual 1,Individual 1,Individual 1,Individual 1,Individual 1,Individual 1,Individual 1,Individual 1,Individual 1,Individual 1,Individual 1,Individual 1,Individual 1,Individual 1,Individual 1,Individual 1,Individual 1,Individual 1,Individual 1,Individual 1,Individual 1,Individual 1,Individual 1,Individual 1,Individual 1,Individual 1,Individual 1,Individual 1,Individual 1,Individual 1,Individual 1,Individual 1,Individual 1,Individual 1,Individual 1,Individual 1,Individual 1,Individual 1,Individual 1,Individual 1,Individual 1,Individual 1,Individual 1,Individual 1,Individual 1,Individual 1,Individual 1,Individual 1,Individual 1,Individual 1,Individual 1,Individual 1,Individual 1,Individual 1,Individual 1,Individual 1,Individual 1,Individual 1,Individual 1,Individual 1,Individual 1,Individual 2,Individual 2,Individual 2,Individual 2,Individual 2,Individual 2,Individual 2,Individual 2,Individual 2,Individual 2,Individual 2,Individual 2,Individual 2,Individual 2,Individual 2,Individual 2,Individual 2,Individual 2,Individual 2,Individual 2,Individual 2,Individual 2,Individual 2,Individual 2,Individual 2,Individual 2,Individual 2,Individual 2,Individual 2,Individual 2,Individual 2,Individual 2,Individual 2,Individual 2,Individual 2,Individual 2,Individual 2,Individual 2,Individual 2,Individual 2,Individual 2,Individual 2,Individual 2,Individual 2,Individual 2,Individual 2,Individual 2,Individual 2,Individual 2,Individual 2,Individual 2,Individual 2,Individual 2,Individual 2,Individual 2,Individual 2,Individual 2,Individual 2,Individual 2,Individual 2,Individual 2,Individual 2,Individual 2,Individual 2,Individual 2,Individual 3,Individual 3,Individual 3,Individual 3,Individual 3,Individual 3,Individual 3,Individual 3,Individual 3,Individual 3,Individual 3,Individual 3,Individual 3,Individual 3,Individual 3,Individual 3,Individual 3,Individual 3,Individual 3,Individual 3,Individual 3,Individual 3,Individual 3,Individual 3,Individual 3,Individual 3,Individual 3,Individual 3,Individual 3,Individual 3,Individual 3,Individual 3,Individual 3,Individual 3,Individual 3,Individual 3,Individual 3,Individual 3,Individual 3,Individual 3,Individual 3,Individual 3,Individual 3,Individual 3,Individual 3,Individual 3,Individual 3,Individual 3,Individual 3,Individual 3,Individual 3,Individual 3,Individual 3,Individual 3,Individual 3,Individual 3,Individual 3,Individual 3,Individual 3,Individual 3,Individual 3,Individual 3,Individual 3,Individual 3,Individual 3,Individual 4,Individual 4,Individual 4,Individual 4,Individual 4,Individual 4,Individual 4,Individual 4,Individual 4,Individual 4,Individual 4,Individual 4,Individual 4,Individual 4,Individual 4,Individual 4,Individual 4,Individual 4,Individual 4,Individual 4,Individual 4,Individual 4,Individual 4,Individual 4,Individual 4,Individual 4,Individual 4,Individual 4,Individual 4,Individual 4,Individual 4,Individual 4,Individual 4,Individual 4,Individual 4,Individual 4,Individual 4,Individual 4,Individual 4,Individual 4,Individual 4,Individual 4,Individual 4,Individual 4,Individual 4,Individual 4,Individual 4,Individual 4,Individual 4,Individual 4,Individual 4,Individual 4,Individual 4,Individual 4,Individual 4,Individual 4,Individual 4,Individual 4,Individual 4,Individual 4,Individual 4,Individual 4,Individual 4,Individual 4,Individual 4,Individual 5,Individual 5,Individual 5,Individual 5,Individual 5,Individual 5,Individual 5,Individual 5,Individual 5,Individual 5,Individual 5,Individual 5,Individual 5,Individual 5,Individual 5,Individual 5,Individual 5,Individual 5,Individual 5,Individual 5,Individual 5,Individual 5,Individual 5,Individual 5,Individual 5,Individual 5,Individual 5,Individual 5,Individual 5,Individual 5,Individual 5,Individual 5,Individual 5,Individual 5,Individual 5,Individual 5,Individual 5,Individual 5,Individual 5,Individual 5,Individual 5,Individual 5,Individual 5,Individual 5,Individual 5,Individual 5,Individual 5,Individual 5,Individual 5,Individual 5,Individual 5,Individual 5,Individual 5,Individual 5,Individual 5,Individual 5,Individual 5,Individual 5,Individual 5,Individual 5,Individual 5,Individual 5,Individual 5,Individual 5,Individual 5,Individual 6,Individual 6,Individual 6,Individual 6,Individual 6,Individual 6,Individual 6,Individual 6,Individual 6,Individual 6,Individual 6,Individual 6,Individual 6,Individual 6,Individual 6,Individual 6,Individual 6,Individual 6,Individual 6,Individual 6,Individual 6,Individual 6,Individual 6,Individual 6,Individual 6,Individual 6,Individual 6,Individual 6,Individual 6,Individual 6,Individual 6,Individual 6,Individual 6,Individual 6,Individual 6,Individual 6,Individual 6,Individual 6,Individual 6,Individual 6,Individual 6,Individual 6,Individual 6,Individual 6,Individual 6,Individual 6,Individual 6,Individual 6,Individual 6,Individual 6,Individual 6,Individual 6,Individual 6,Individual 6,Individual 6,Individual 6,Individual 6,Individual 6,Individual 6,Individual 6,Individual 6,Individual 6,Individual 6,Individual 6,Individual 6,Individual 7,Individual 7,Individual 7,Individual 7,Individual 7,Individual 7,Individual 7,Individual 7,Individual 7,Individual 7,Individual 7,Individual 7,Individual 7,Individual 7,Individual 7,Individual 7,Individual 7,Individual 7,Individual 7,Individual 7,Individual 7,Individual 7,Individual 7,Individual 7,Individual 7,Individual 7,Individual 7,Individual 7,Individual 7,Individual 7,Individual 7,Individual 7,Individual 7,Individual 7,Individual 7,Individual 7,Individual 7,Individual 7,Individual 7,Individual 7,Individual 7,Individual 7,Individual 7,Individual 7,Individual 7,Individual 7,Individual 7,Individual 7,Individual 7,Individual 7,Individual 7,Individual 7,Individual 7,Individual 7,Individual 7,Individual 7,Individual 7,Individual 7,Individual 7,Individual 7,Individual 7,Individual 7,Individual 7,Individual 7,Individual 7,Individual 8,Individual 8,Individual 8,Individual 8,Individual 8,Individual 8,Individual 8,Individual 8,Individual 8,Individual 8,Individual 8,Individual 8,Individual 8,Individual 8,Individual 8,Individual 8,Individual 8,Individual 8,Individual 8,Individual 8,Individual 8,Individual 8,Individual 8,Individual 8,Individual 8,Individual 8,Individual 8,Individual 8,Individual 8,Individual 8,Individual 8,Individual 8,Individual 8,Individual 8,Individual 8,Individual 8,Individual 8,Individual 8,Individual 8,Individual 8,Individual 8,Individual 8,Individual 8,Individual 8,Individual 8,Individual 8,Individual 8,Individual 8,Individual 8,Individual 8,Individual 8,Individual 8,Individual 8,Individual 8,Individual 8,Individual 8,Individual 8,Individual 8,Individual 8,Individual 8,Individual 8,Individual 8,Individual 8,Individual 8,Individual 8,Individual 9,Individual 9,Individual 9,Individual 9,Individual 9,Individual 9,Individual 9,Individual 9,Individual 9,Individual 9,Individual 9,Individual 9,Individual 9,Individual 9,Individual 9,Individual 9,Individual 9,Individual 9,Individual 9,Individual 9,Individual 9,Individual 9,Individual 9,Individual 9,Individual 9,Individual 9,Individual 9,Individual 9,Individual 9,Individual 9,Individual 9,Individual 9,Individual 9,Individual 9,Individual 9,Individual 9,Individual 9,Individual 9,Individual 9,Individual 9,Individual 9,Individual 9,Individual 9,Individual 9,Individual 9,Individual 9,Individual 9,Individual 9,Individual 9,Individual 9,Individual 9,Individual 9,Individual 9,Individual 9,Individual 9,Individual 9,Individual 9,Individual 9,Individual 9,Individual 9,Individual 9,Individual 9,Individual 9,Individual 9,Individual 9,Individual 10,Individual 10,Individual 10,Individual 10,Individual 10,Individual 10,Individual 10,Individual 10,Individual 10,Individual 10,Individual 10,Individual 10,Individual 10,Individual 10,Individual 10,Individual 10,Individual 10,Individual 10,Individual 10,Individual 10,Individual 10,Individual 10,Individual 10,Individual 10,Individual 10,Individual 10,Individual 10,Individual 10,Individual 10,Individual 10,Individual 10,Individual 10,Individual 10,Individual 10,Individual 10,Individual 10,Individual 10,Individual 10,Individual 10,Individual 10,Individual 10,Individual 10,Individual 10,Individual 10,Individual 10,Individual 10,Individual 10,Individual 10,Individual 10,Individual 10,Individual 10,Individual 10,Individual 10,Individual 10,Individual 10,Individual 10,Individual 10,Individual 10,Individual 10,Individual 10,Individual 10,Individual 10,Individual 10,Individual 10,Individual 10
,Behaviors:,Aggression,Aggression,Aggression,Aggression,Aggression,Away from Bait,Away from Bait,Away from Bait,Away from Bait,Away from Bait,Disturbance,Disturbance,Disturbance,Disturbance,Disturbance,Head Down,Head Down,Head Down,Head Down,Head Down,Head Up,Head Up,Head Up,Head Up,Head Up,Moving,Moving,Moving,Moving,Moving,Out of Frame,Out of Frame,Out of Frame,Out of Frame,Out of Frame,Peck at Food/Bait,Peck at Food/Bait,Peck at Food/Bait,Peck at Food/Bait,Peck at Food/Bait,Peck at Ground,Peck at Ground,Peck at Ground,Peck at Ground,Peck at Ground,"Perched - Head Down
","Perched - Head Down
","Perched - Head Down
","Perched - Head Down
","Perched - Head Down
","Perched - Head Up
","Perched - Head Up
","Perched - Head Up
","Perched - Head Up
","Perched - Head Up
",Sentinel Absent,Sentinel Absent,Sentinel Absent,Sentinel Absent,Sentinel Absent,Sentinel Present,Sentinel Present,Sentinel Present,Sentinel Present,Sentinel Present,Aggression,Aggression,Aggression,Aggression,Aggression,Away from Bait,Away from Bait,Away from Bait,Away from Bait,Away from Bait,Disturbance,Disturbance,Disturbance,Disturbance,Disturbance,Head Down,Head Down,Head Down,Head Down,Head Down,Head Up,Head Up,Head Up,Head Up,Head Up,Moving,Moving,Moving,Moving,Moving,Out of Frame,Out of Frame,Out of Frame,Out of Frame,Out of Frame,Peck at Food/Bait,Peck at Food/Bait,Peck at Food/Bait,Peck at Food/Bait,Peck at Food/Bait,Peck at Ground,Peck at Ground,Peck at Ground,Peck at Ground,Peck at Ground,"Perched - Head Down
","Perched - Head Down
","Perched - Head Down
","Perched - Head Down
","Perched - Head Down
","Perched - Head Up
","Perched - Head Up
","Perched - Head Up
","Perched - Head Up
","Perched - Head Up
",Sentinel Absent,Sentinel Absent,Sentinel Absent,Sentinel Absent,Sentinel Absent,Sentinel Present,Sentinel Present,Sentinel Present,Sentinel Present,Sentinel Present,Aggression,Aggression,Aggression,Aggression,Aggression,Away from Bait,Away from Bait,Away from Bait,Away from Bait,Away from Bait,Disturbance,Disturbance,Disturbance,Disturbance,Disturbance,Head Down,Head Down,Head Down,Head Down,Head Down,Head Up,Head Up,Head Up,Head Up,Head Up,Moving,Moving,Moving,Moving,Moving,Out of Frame,Out of Frame,Out of Frame,Out of Frame,Out of Frame,Peck at Food/Bait,Peck at Food/Bait,Peck at Food/Bait,Peck at Food/Bait,Peck at Food/Bait,Peck at Ground,Peck at Ground,Peck at Ground,Peck at Ground,Peck at Ground,"Perched - Head Down
","Perched - Head Down
","Perched - Head Down
","Perched - Head Down
","Perched - Head Down
","Perched - Head Up
","Perched - Head Up
","Perched - Head Up
","Perched - Head Up
","Perched - Head Up
",Sentinel Absent,Sentinel Absent,Sentinel Absent,Sentinel Absent,Sentinel Absent,Sentinel Present,Sentinel Present,Sentinel Present,Sentinel Present,Sentinel Present,Aggression,Aggression,Aggression,Aggression,Aggression,Away from Bait,Away from Bait,Away from Bait,Away from Bait,Away from Bait,Disturbance,Disturbance,Disturbance,Disturbance,Disturbance,Head Down,Head Down,Head Down,Head Down,Head Down,Head Up,Head Up,Head Up,Head Up,Head Up,Moving,Moving,Moving,Moving,Moving,Out of Frame,Out of Frame,Out of Frame,Out of Frame,Out of Frame,Peck at Food/Bait,Peck at Food/Bait,Peck at Food/Bait,Peck at Food/Bait,Peck at Food/Bait,Peck at Ground,Peck at Ground,Peck at Ground,Peck at Ground,Peck at Ground,"Perched - Head Down
","Perched - Head Down
","Perched - Head Down
","Perched - Head Down
","Perched - Head Down
","Perched - Head Up
","Perched - Head Up
","Perched - Head Up
","Perched - Head Up
","Perched - Head Up
",Sentinel Absent,Sentinel Absent,Sentinel Absent,Sentinel Absent,Sentinel Absent,Sentinel Present,Sentinel Present,Sentinel Present,Sentinel Present,Sentinel Present,Aggression,Aggression,Aggression,Aggression,Aggression,Away from Bait,Away from Bait,Away from Bait,Away from Bait,Away from Bait,Disturbance,Disturbance,Disturbance,Disturbance,Disturbance,Head Down,Head Down,Head Down,Head Down,Head Down,Head Up,Head Up,Head Up,Head Up,Head Up,Moving,Moving,Moving,Moving,Moving,Out of Frame,Out of Frame,Out of Frame,Out of Frame,Out of Frame,Peck at Food/Bait,Peck at Food/Bait,Peck at Food/Bait,Peck at Food/Bait,Peck at Food/Bait,Peck at Ground,Peck at Ground,Peck at Ground,Peck at Ground,Peck at Ground,"Perched - Head Down
","Perched - Head Down
","Perched - Head Down
","Perched - Head Down
","Perched - Head Down
","Perched - Head Up
","Perched - Head Up
","Perched - Head Up
","Perched - Head Up
","Perched - Head Up
",Sentinel Absent,Sentinel Absent,Sentinel Absent,Sentinel Absent,Sentinel Absent,Sentinel Present,Sentinel Present,Sentinel Present,Sentinel Present,Sentinel Present,Aggression,Aggression,Aggression,Aggression,Aggression,Away from Bait,Away from Bait,Away from Bait,Away from Bait,Away from Bait,Disturbance,Disturbance,Disturbance,Disturbance,Disturbance,Head Down,Head Down,Head Down,Head Down,Head Down,Head Up,Head Up,Head Up,Head Up,Head Up,Moving,Moving,Moving,Moving,Moving,Out of Frame,Out of Frame,Out of Frame,Out of Frame,Out of Frame,Peck at Food/Bait,Peck at Food/Bait,Peck at Food/Bait,Peck at Food/Bait,Peck at Food/Bait,Peck at Ground,Peck at Ground,Peck at Ground,Peck at Ground,Peck at Ground,"Perched - Head Down
","Perched - Head Down
","Perched - Head Down
","Perched - Head Down
","Perched - Head Down
","Perched - Head Up
","Perched - Head Up
","Perched - Head Up
","Perched - Head Up
","Perched - Head Up
",Sentinel Absent,Sentinel Absent,Sentinel Absent,Sentinel Absent,Sentinel Absent,Sentinel Present,Sentinel Present,Sentinel Present,Sentinel Present,Sentinel Present,Aggression,Aggression,Aggression,Aggression,Aggression,Away from Bait,Away from Bait,Away from Bait,Away from Bait,Away from Bait,Disturbance,Disturbance,Disturbance,Disturbance,Disturbance,Head Down,Head Down,Head Down,Head Down,Head Down,Head Up,Head Up,Head Up,Head Up,Head Up,Moving,Moving,Moving,Moving,Moving,Out of Frame,Out of Frame,Out of Frame,Out of Frame,Out of Frame,Peck at Food/Bait,Peck at Food/Bait,Peck at Food/Bait,Peck at Food/Bait,Peck at Food/Bait,Peck at Ground,Peck at Ground,Peck at Ground,Peck at Ground,Peck at Ground,"Perched - Head Down
","Perched - Head Down
","Perched - Head Down
","Perched - Head Down
","Perched - Head Down
","Perched - Head Up
","Perched - Head Up
","Perched - Head Up
","Perched - Head Up
","Perched - Head Up
",Sentinel Absent,Sentinel Absent,Sentinel Absent,Sentinel Absent,Sentinel Absent,Sentinel Present,Sentinel Present,Sentinel Present,Sentinel Present,Sentinel Present,Aggression,Aggression,Aggression,Aggression,Aggression,Away from Bait,Away from Bait,Away from Bait,Away from Bait,Away from Bait,Disturbance,Disturbance,Disturbance,Disturbance,Disturbance,Head Down,Head Down,Head Down,Head Down,Head Down,Head Up,Head Up,Head Up,Head Up,Head Up,Moving,Moving,Moving,Moving,Moving,Out of Frame,Out of Frame,Out of Frame,Out of Frame,Out of Frame,Peck at Food/Bait,Peck at Food/Bait,Peck at Food/Bait,Peck at Food/Bait,Peck at Food/Bait,Peck at Ground,Peck at Ground,Peck at Ground,Peck at Ground,Peck at Ground,"Perched - Head Down
","Perched - Head Down
","Perched - Head Down
","Perched - Head Down
","Perched - Head Down
","Perched - Head Up
","Perched - Head Up
","Perched - Head Up
","Perched - Head Up
","Perched - Head Up
",Sentinel Absent,Sentinel Absent,Sentinel Absent,Sentinel Absent,Sentinel Absent,Sentinel Present,Sentinel Present,Sentinel Present,Sentinel Present,Sentinel Present,Aggression,Aggression,Aggression,Aggression,Aggression,Away from Bait,Away from Bait,Away from Bait,Away from Bait,Away from Bait,Disturbance,Disturbance,Disturbance,Disturbance,Disturbance,Head Down,Head Down,Head Down,Head Down,Head Down,Head Up,Head Up,Head Up,Head Up,Head Up,Moving,Moving,Moving,Moving,Moving,Out of Frame,Out of Frame,Out of Frame,Out of Frame,Out of Frame,Peck at Food/Bait,Peck at Food/Bait,Peck at Food/Bait,Peck at Food/Bait,Peck at Food/Bait,Peck at Ground,Peck at Ground,Peck at Ground,Peck at Ground,Peck at Ground,"Perched - Head Down
","Perched - Head Down
","Perched - Head Down
","Perched - Head Down
","Perched - Head Down
","Perched - Head Up
","Perched - Head Up
","Perched - Head Up
","Perched - Head Up
","Perched - Head Up
",Sentinel Absent,Sentinel Absent,Sentinel Absent,Sentinel Absent,Sentinel Absent,Sentinel Present,Sentinel Present,Sentinel Present,Sentinel Present,Sentinel Present,Aggression,Aggression,Aggression,Aggression,Aggression,Away from Bait,Away from Bait,Away from Bait,Away from Bait,Away from Bait,Disturbance,Disturbance,Disturbance,Disturbance,Disturbance,Head Down,Head Down,Head Down,Head Down,Head Down,Head Up,Head Up,Head Up,Head Up,Head Up,Moving,Moving,Moving,Moving,Moving,Out of Frame,Out of Frame,Out of Frame,Out of Frame,Out of Frame,Peck at Food/Bait,Peck at Food/Bait,Peck at Food/Bait,Peck at Food/Bait,Peck at Food/Bait,Peck at Ground,Peck at Ground,Peck at Ground,Peck at Ground,Peck at Ground,"Perched - Head Down
","Perched - Head Down
","Perched - Head Down
","Perched - Head Down
","Perched - Head Down
","Perched - Head Up
","Perched - Head Up
","Perched - Head Up
","Perched - Head Up
","Perched - Head Up
",Sentinel Absent,Sentinel Absent,Sentinel Absent,Sentinel Absent,Sentinel Absent,Sentinel Present,Sentinel Present,Sentinel Present,Sentinel Present,Sentinel Present,Aggression,Aggression,Aggression,Aggression,Aggression,Away from Bait,Away from Bait,Away from Bait,Away from Bait,Away from Bait,Disturbance,Disturbance,Disturbance,Disturbance,Disturbance,Head Down,Head Down,Head Down,Head Down,Head Down,Head Up,Head Up,Head Up,Head Up,Head Up,Moving,Moving,Moving,Moving,Moving,Out of Frame,Out of Frame,Out of Frame,Out of Frame,Out of Frame,Peck at Food/Bait,Peck at Food/Bait,Peck at Food/Bait,Peck at Food/Bait,Peck at Food/Bait,Peck at Ground,Peck at Ground,Peck at Ground,Peck at Ground,Peck at Ground,"Perched - Head Down
","Perched - Head Down
","Perched - Head Down
","Perched - Head Down
","Perched - Head Down
","Perched - Head Up
","Perched - Head Up
","Perched - Head Up
","Perched - Head Up
","Perched - Head Up
",Sentinel Absent,Sentinel Absent,Sentinel Absent,Sentinel Absent,Sentinel Absent,Sentinel Present,Sentinel Present,Sentinel Present,Sentinel Present,Sentinel Present
Observations id,Total length (s),Total duration,Number of occurrences,Duration mean,Duration std dev,Proportion of time,Total duration,Number of occurrences,Duration mean,Duration std dev,Proportion of time,Total duration,Number of occurrences,Duration mean,Duration std dev,Proportion of time,Total duration,Number of occurrences,Duration mean,Duration std dev,Proportion of time,Total duration,Number of occurrences,Duration mean,Duration std dev,Proportion of time,Total duration,Number of occurrences,Duration mean,Duration std dev,Proportion of time,Total duration,Number of occurrences,Duration mean,Duration std dev,Proportion of time,Total duration,Number of occurrences,Duration mean,Duration std dev,Proportion of time,Total duration,Number of occurrences,Duration mean,Duration std dev,Proportion of time,Total duration,Number of occurrences,Duration mean,Duration std dev,Proportion of time,Total duration,Number of occurrences,Duration mean,Duration std dev,Proportion of time,Total duration,Number of occurrences,Duration mean,Duration std dev,Proportion of time,Total duration,Number of occurrences,Duration mean,Duration std dev,Proportion of time,Total duration,Number of occurrences,Duration mean,Duration std dev,Proportion of time,Total duration,Number of occurrences,Duration mean,Duration std dev,Proportion of time,Total duration,Number of occurrences,Duration mean,Duration std dev,Proportion of time,Total duration,Number of occurrences,Duration mean,Duration std dev,Proportion of time,Total duration,Number of occurrences,Duration mean,Duration std dev,Proportion of time,Total duration,Number of occurrences,Duration mean,Duration std dev,Proportion of time,Total duration,Number of occurrences,Duration mean,Duration std dev,Proportion of time,Total duration,Number of occurrences,Duration mean,Duration std dev,Proportion of time,Total duration,Number of occurrences,Duration mean,Duration std dev,Proportion of time,Total duration,Number of occurrences,Duration mean,Duration std dev,Proportion of time,Total duration,Number of occurrences,Duration mean,Duration std dev,Proportion of time,Total duration,Number of occurrences,Duration mean,Duration std dev,Proportion of time,Total duration,Number of occurrences,Duration mean,Duration std dev,Proportion of time,Total duration,Number of occurrences,Duration mean,Duration std dev,Proportion of time,Total duration,Number of occurrences,Duration mean,Duration std dev,Proportion of time,Total duration,Number of occurrences,Duration mean,Duration std dev,Proportion of time,Total duration,Number of occurrences,Duration mean,Duration std dev,Proportion of time,Total duration,Number of occurrences,Duration mean,Duration std dev,Proportion of time,Total duration,Number of occurrences,Duration mean,Duration std dev,Proportion of time,Total duration,Number of occurrences,Duration mean,Duration std dev,Proportion of time,Total duration,Number of occurrences,Duration mean,Duration std dev,Proportion of time,Total duration,Number of occurrences,Duration mean,Duration std dev,Proportion of time,Total duration,Number of occurrences,Duration mean,Duration std dev,Proportion of time,Total duration,Number of occurrences,Duration mean,Duration std dev,Proportion of time,Total duration,Number of occurrences,Duration mean,Duration std dev,Proportion of time,Total duration,Number of occurrences,Duration mean,Duration std dev,Proportion of time,Total duration,Number of occurrences,Duration mean,Duration std dev,Proportion of time,Total duration,Number of occurrences,Duration mean,Duration std dev,Proportion of time,Total duration,Number of occurrences,Duration mean,Duration std dev,Proportion of time,Total duration,Number of occurrences,Duration mean,Duration std dev,Proportion of time,Total duration,Number of occurrences,Duration mean,Duration std dev,Proportion of time,Total duration,Number of occurrences,Duration mean,Duration std dev,Proportion of time,Total duration,Number of occurrences,Duration mean,Duration std dev,Proportion of time,Total duration,Number of occurrences,Duration mean,Duration std dev,Proportion of time,Total duration,Number of occurrences,Duration mean,Duration std dev,Proportion of time,Total duration,Number of occurrences,Duration mean,Duration std dev,Proportion of time,Total duration,Number of occurrences,Duration mean,Duration std dev,Proportion of time,Total duration,Number of occurrences,Duration mean,Duration std dev,Proportion of time,Total duration,Number of occurrences,Duration mean,Duration std dev,Proportion of time,Total duration,Number of occurrences,Duration mean,Duration std dev,Proportion of time,Total duration,Number of occurrences,Duration mean,Duration std dev,Proportion of time,Total duration,Number of occurrences,Duration mean,Duration std dev,Proportion of time,Total duration,Number of occurrences,Duration mean,Duration std dev,Proportion of time,Total duration,Number of occurrences,Duration mean,Duration std dev,Proportion of time,Total duration,Number of occurrences,Duration mean,Duration std dev,Proportion of time,Total duration,Number of occurrences,Duration mean,Duration std dev,Proportion of time,Total duration,Number of occurrences,Duration mean,Duration std dev,Proportion of time,Total duration,Number of occurrences,Duration mean,Duration std dev,Proportion of time,Total duration,Number of occurrences,Duration mean,Duration std dev,Proportion of time,Total duration,Number of occurrences,Duration mean,Duration std dev,Proportion of time,Total duration,Number of occurrences,Duration mean,Duration std dev,Proportion of time,Total duration,Number of occurrences,Duration mean,Duration std dev,Proportion of time,Total duration,Number of occurrences,Duration mean,Duration std dev,Proportion of time,Total duration,Number of occurrences,Duration mean,Duration std dev,Proportion of time,Total duration,Number of occurrences,Duration mean,Duration std dev,Proportion of time,Total duration,Number of occurrences,Duration mean,Duration std dev,Proportion of time,Total duration,Number of occurrences,Duration mean,Duration std dev,Proportion of time,Total duration,Number of occurrences,Duration mean,Duration std dev,Proportion of time,Total duration,Number of occurrences,Duration mean,Duration std dev,Proportion of time,Total duration,Number of occurrences,Duration mean,Duration std dev,Proportion of time,Total duration,Number of occurrences,Duration mean,Duration std dev,Proportion of time,Total duration,Number of occurrences,Duration mean,Duration std dev,Proportion of time,Total duration,Number of occurrences,Duration mean,Duration std dev,Proportion of time,Total duration,Number of occurrences,Duration mean,Duration std dev,Proportion of time,Total duration,Number of occurrences,Duration mean,Duration std dev,Proportion of time,Total duration,Number of occurrences,Duration mean,Duration std dev,Proportion of time,Total duration,Number of occurrences,Duration mean,Duration std dev,Proportion of time,Total duration,Number of occurrences,Duration mean,Duration std dev,Proportion of time,Total duration,Number of occurrences,Duration mean,Duration std dev,Proportion of time,Total duration,Number of occurrences,Duration mean,Duration std dev,Proportion of time,Total duration,Number of occurrences,Duration mean,Duration std dev,Proportion of time,Total duration,Number of occurrences,Duration mean,Duration std dev,Proportion of time,Total duration,Number of occurrences,Duration mean,Duration std dev,Proportion of time,Total duration,Number of occurrences,Duration mean,Duration std dev,Proportion of time,Total duration,Number of occurrences,Duration mean,Duration std dev,Proportion of time,Total duration,Number of occurrences,Duration mean,Duration std dev,Proportion of time,Total duration,Number of occurrences,Duration mean,Duration std dev,Proportion of time,Total duration,Number of occurrences,Duration mean,Duration std dev,Proportion of time,Total duration,Number of occurrences,Duration mean,Duration std dev,Proportion of time,Total duration,Number of occurrences,Duration mean,Duration std dev,Proportion of time,Total duration,Number of occurrences,Duration mean,Duration std dev,Proportion of time,Total duration,Number of occurrences,Duration mean,Duration std dev,Proportion of time,Total duration,Number of occurrences,Duration mean,Duration std dev,Proportion of time,Total duration,Number of occurrences,Duration mean,Duration std dev,Proportion of time,Total duration,Number of occurrences,Duration mean,Duration std dev,Proportion of time,Total duration,Number of occurrences,Duration mean,Duration std dev,Proportion of time,Total duration,Number of occurrences,Duration mean,Duration std dev,Proportion of time,Total duration,Number of occurrences,Duration mean,Duration std dev,Proportion of time,Total duration,Number of occurrences,Duration mean,Duration std dev,Proportion of time,Total duration,Number of occurrences,Duration mean,Duration std dev,Proportion of time,Total duration,Number of occurrences,Duration mean,Duration std dev,Proportion of time,Total duration,Number of occurrences,Duration mean,Duration std dev,Proportion of time,Total duration,Number of occurrences,Duration mean,Duration std dev,Proportion of time,Total duration,Number of occurrences,Duration mean,Duration std dev,Proportion of time,Total duration,Number of occurrences,Duration mean,Duration std dev,Proportion of time,Total duration,Number of occurrences,Duration mean,Duration std dev,Proportion of time,Total duration,Number of occurrences,Duration mean,Duration std dev,Proportion of time,Total duration,Number of occurrences,Duration mean,Duration std dev,Proportion of time,Total duration,Number of occurrences,Duration mean,Duration std dev,Proportion of time,Total duration,Number of occurrences,Duration mean,Duration std dev,Proportion of time,Total duration,Number of occurrences,Duration mean,Duration std dev,Proportion of time,Total duration,Number of occurrences,Duration mean,Duration std dev,Proportion of time,Total duration,Number of occurrences,Duration mean,Duration std dev,Proportion of time,Total duration,Number of occurrences,Duration mean,Duration std dev,Proportion of time,Total duration,Number of occurrences,Duration mean,Duration std dev,Proportion of time,Total duration,Number of occurrences,Duration mean,Duration std dev,Proportion of time,Total duration,Number of occurrences,Duration mean,Duration std dev,Proportion of time,Total duration,Number of occurrences,Duration mean,Duration std dev,Proportion of time,Total duration,Number of occurrences,Duration mean,Duration std dev,Proportion of time,Total duration,Number of occurrences,Duration mean,Duration std dev,Proportion of time,Total duration,Number of occurrences,Duration mean,Duration std dev,Proportion of time,Total duration,Number of occurrences,Duration mean,Duration std dev,Proportion of time,Total duration,Number of occurrences,Duration mean,Duration std dev,Proportion of time,Total duration,Number of occurrences,Duration mean,Duration std dev,Proportion of time,Total duration,Number of occurrences,Duration mean,Duration std dev,Proportion of time,Total duration,Number of occurrences,Duration mean,Duration std dev,Proportion of time,Total duration,Number of occurrences,Duration mean,Duration std dev,Proportion of time,Total duration,Number of occurrences,Duration mean,Duration std dev,Proportion of time,Total duration,Number of occurrences,Duration mean,Duration std dev,Proportion of time,Total duration,Number of occurrences,Duration mean,Duration std dev,Proportion of time,Total duration,Number of occurrences,Duration mean,Duration std dev,Proportion of time,Total duration,Number of occurrences,Duration mean,Duration std dev,Proportion of time,Total duration,Number of occurrences,Duration mean,Duration std dev,Proportion of time,Total duration,Number of occurrences,Duration mean,Duration std dev,Proportion of time,Total duration,Number of occurrences,Duration mean,Duration std dev,Proportion of time,Total duration,Number of occurrences,Duration mean,Duration std dev,Proportion of time,Total duration,Number of occurrences,Duration mean,Duration std dev,Proportion of time,Total duration,Number of occurrences,Duration mean,Duration std dev,Proportion of time,Total duration,Number of occurrences,Duration mean,Duration std dev,Proportion of time,Total duration,Number of occurrences,Duration mean,Duration std dev,Proportion of time
020 - FVM - 2 crows - No Bait,87.790,0,0,0,0,0,0,0,0,0,0,0,0,0,0,0,0,0,0,0,0,0,0,0,0,0,0,0,0,0,0,0,0,0,0,0,0,0,0,0,0,0,0,0,0,0,0,0,0,0,0,0,0,0,0,0,87.711,1,87.711,0,0.999,0,0,0,0,0,0,0,0,0,0,117.590,2,58.795,0.000,2.814,0,0,0,0,0,39.764,14,2.840,2.444,0.951,22.942,13,1.765,2.737,0.549,13.481,6,2.247,2.200,0.323,22.998,2,11.499,0.000,0.262,0.000,31,0.000,0.000,0.000,0.000,1,0.000,0,0.000,0,0,0,0,0,0,0,0,0,0,0,0,0,0,0,0,0,0,0,0,0,0,0,0,0,20.012,4,5.003,4.616,-0.319,0,0,0,0,0,18.773,9,2.086,1.170,-0.299,17.726,13,1.364,1.305,-0.282,13.525,8,1.691,1.507,-0.215,75.310,6,12.552,7.524,0.858,0.000,20,0.000,0.000,-0.000,0,0,0,0,0,0,0,0,0,0,0,0,0,0,0,0,0,0,0,0,0,0,0,0,0,0,0,0,0,0,0,0,0,0,0,0,0,0,0,0,0,0,0,0,0,0,0,0,0,0,0,0,0,0,0,0,0,0,0,0,0,0,0,0,0,0,0,0,0,0,0,0,0,0,0,0,0,0,0,0,0,0,0,0,0,0,0,0,0,0,0,0,0,0,0,0,0,0,0,0,0,0,0,0,0,0,0,0,0,0,0,0,0,0,0,0,0,0,0,0,0,0,0,0,0,0,0,0,0,0,0,0,0,0,0,0,0,0,0,0,0,0,0,0,0,0,0,0,0,0,0,0,0,0,0,0,0,0,0,0,0,0,0,0,0,0,0,0,0,0,0,0,0,0,0,0,0,0,0,0,0,0,0,0,0,0,0,0,0,0,0,0,0,0,0,0,0,0,0,0,0,0,0,0,0,0,0,0,0,0,0,0,0,0,0,0,0,0,0,0,0,0,0,0,0,0,0,0,0,0,0,0,0,0,0,0,0,0,0,0,0,0,0,0,0,0,0,0,0,0,0,0,0,0,0,0,0,0,0,0,0,0,0,0,0,0,0,0,0,0,0,0,0,0,0,0,0,0,0,0,0,0,0,0,0,0,0,0,0,0,0,0,0,0,0,0,0,0,0,0,0,0,0,0,0,0,0,0,0,0,0,0,0,0,0,0,0,0,0,0,0,0,0,0,0,0,0,0,0,0,0,0,0,0,0,0,0,0,0,0,0,0,0,0,0,0,0,0,0,0,0,0,0,0,0,0,0,0,0,0,0,0,0,0,0,0,0,0,0,0,0,0,0,0,0,0,0,0,0,0,0,0,0,0,0,0,0,0,0,0,0,0,0,0,0,0,0,0,0,0,0,0,0,0,0,0,0,0,0,0,0,0,0,0,0,0,0,0,0,0,0,0,0,0,0,0,0,0,0,0,0,0,0,0,0,0,0,0,0,0,0,0,0,0,0,0,0,0,0,0,0,0,0,0,0,0,0,0,0,0,0,0,0,0,0,0,0,0,0,0,0,0,0,0,0,0,0,0,0,0,0,0,0,0,0,0,0,0,0,0,0,0,0,0,0,0,0,0,0,0,0,0,0,0,0,0,0,0,0,0,0,0,0,0,0,0,0,0,0,0,0,0,0,0,0,0,0,0,0,0,0,0,0,0,0,0,0,0,0,0,0,0,0,0,0
024 - FVM - 2 crows - No Bait,191.890,0,0,0,0,0,0,0,0,0,0,0,0,0,0,0,0,0,0,0,0,0,0,0,0,0,0,0,0,0,0,0,0,0,0,0,0,0,0,0,0,0,0,0,0,0,0,0,0,0,0,0,0,0,0,0,149.958,2,74.979,54.480,0.781,41.539,1,41.539,0,0.216,0,0,0,0,0,0,0,0,0,0,0,0,0,0,0,26.373,10,2.637,2.153,3.278,102.823,20,5.141,3.250,12.779,16.299,13,1.254,0.430,2.026,91.922,4,22.981,17.873,0.479,0.000,11,0.000,0.000,0.000,0,0,0,0,0,0,0,0,0,0,0,0,0,0,0,0,0,0,0,0,0,0,0,0,0,0,0,0,0,0,0,0,0,0,0,0,0,0,0,0,9.251,6,1.542,1.068,-0.039,19.016,10,1.902,0.939,-0.080,13.748,10,1.375,0.739,-0.058,214.410,10,21.441,13.731,1.117,0.000,2,0.000,0.000,-0.000,0,0,0,0,0,5.745,3,1.915,0.803,-0.024,36.497,4,9.124,10.458,-0.154,0,0,0,0,0,0,0,0,0,0,0,0,0,0,0,0,0,0,0,0,0,0,0,0,0,0,0,0,0,0,0,0,0,0,0,0,0,0,0,0,0,0,0,0,0,0,0,0,0,0,0,0,0,0,0,0,0,0,0,0,0,0,0,0,0,0,0,0,0,0,0,0,0,0,0,0,0,0,0,0,0,0,0,0,0,0,0,0,0,0,0,0,0,0,0,0,0,0,0,0,0,0,0,0,0,0,0,0,0,0,0,0,0,0,0,0,0,0,0,0,0,0,0,0,0,0,0,0,0,0,0,0,0,0,0,0,0,0,0,0,0,0,0,0,0,0,0,0,0,0,0,0,0,0,0,0,0,0,0,0,0,0,0,0,0,0,0,0,0,0,0,0,0,0,0,0,0,0,0,0,0,0,0,0,0,0,0,0,0,0,0,0,0,0,0,0,0,0,0,0,0,0,0,0,0,0,0,0,0,0,0,0,0,0,0,0,0,0,0,0,0,0,0,0,0,0,0,0,0,0,0,0,0,0,0,0,0,0,0,0,0,0,0,0,0,0,0,0,0,0,0,0,0,0,0,0,0,0,0,0,0,0,0,0,0,0,0,0,0,0,0,0,0,0,0,0,0,0,0,0,0,0,0,0,0,0,0,0,0,0,0,0,0,0,0,0,0,0,0,0,0,0,0,0,0,0,0,0,0,0,0,0,0,0,0,0,0,0,0,0,0,0,0,0,0,0,0,0,0,0,0,0,0,0,0,0,0,0,0,0,0,0,0,0,0,0,0,0,0,0,0,0,0,0,0,0,0,0,0,0,0,0,0,0,0,0,0,0,0,0,0,0,0,0,0,0,0,0,0,0,0,0,0,0,0,0,0,0,0,0,0,0,0,0,0,0,0,0,0,0,0,0,0,0,0,0,0,0,0,0,0,0,0,0,0,0,0,0,0,0,0,0,0,0,0,0,0,0,0,0,0,0,0,0,0,0,0,0,0,0,0,0,0,0,0,0,0,0,0,0,0,0,0,0,0,0,0,0,0,0,0,0,0,0,0,0,0,0,0,0,0,0,0,0,0,0,0,0,0,0,0,0,0,0,0,0,0,0,0,0,0,0,0,0,0,0,0,0,0,0,0,0,0,0,0,0,0,0,0,0,0,0,0,0,0,0,0,0,0,0,0,0,0,0,0,0,0,0,0,0
025 - FVM - 2 crows - Baited,2110.410,0,0,0,0,0,0,0,0,0,0,0.000,10,0.000,0.000,0.000,0,0,0,0,0,0,0,0,0,0,0,0,0,0,0,0,0,0,0,0,0,0,0,0,0,0,0,0,0,0,0,0,0,0,0,0,0,0,0,0,2110.092,1,2110.092,0,1.000,0,0,0,0,0,0,0,0,0,0,72.308,10,7.231,6.233,-0.012,0,0,0,0,0,31.081,17,1.828,1.526,-0.005,29.477,21,1.404,0.993,-0.005,22.887,11,2.081,1.319,-0.004,4053.192,10,405.319,474.921,1.921,0.000,37,0.000,0.000,-0.000,0,0,0,0,0,0,0,0,0,0,0,0,0,0,0,0,0,0,0,0,0,0,0,0,0,0,0,0,0,0,0,0,0,0,0,0,0,0,0,0,0,0,0,0,0,0,0,0,0,0,0,0,0,0,0,0,0,0,0,0,0,0,0,0,0,0,0,0,0,0,0,0,0,0,0,0,0,0,0,0,0,0,0,0,0,0,0,0,0,0,0,0,0,0,0,0,0,0,0,0,0,0,0,0,0,0,0,0,0,0,0,0,0,0,0,0,0,0,0,0,0,0,0,0,0,0,0,0,0,0,0,0,0,0,0,0,0,0,0,0,0,0,0,0,0,0,0,0,0,0,0,0,0,0,0,0,0,0,0,0,0,0,0,0,0,0,0,0,0,0,0,0,0,0,0,0,0,0,0,0,0,0,0,0,0,0,0,0,0,0,0,0,0,0,0,0,0,0,0,0,0,0,0,0,0,0,0,0,0,0,0,0,0,0,0,0,0,0,0,0,0,0,0,0,0,0,0,0,0,0,0,0,0,0,0,0,0,0,0,0,0,0,0,0,0,0,0,0,0,0,0,0,0,0,0,0,0,0,0,0,0,0,0,0,0,0,0,0,0,0,0,0,0,0,0,0,0,0,0,0,0,0,0,0,0,0,0,0,0,0,0,0,0,0,0,0,0,0,0,0,0,0,0,0,0,0,0,0,0,0,0,0,0,0,0,0,0,0,0,0,0,0,0,0,0,0,0,0,0,0,0,0,0,0,0,0,0,0,0,0,0,0,0,0,0,0,0,0,0,0,0,0,0,0,0,0,0,0,0,0,0,0,0,0,0,0,0,0,0,0,0,0,0,0,0,0,0,0,0,0,0,0,0,0,0,0,0,0,0,0,0,0,0,0,0,0,0,0,0,0,0,0,0,0,0,0,0,0,0,0,0,0,0,0,0,0,0,0,0,0,0,0,0,0,0,0,0,0,0,0,0,0,0,0,0,0,0,0,0,0,0,0,0,0,0,0,0,0,0,0,0,0,0,0,0,0,0,0,0,0,0,0,0,0,0,0,0,0,0,0,0,0,0,0,0,0,0,0,0,0,0,0,0,0,0,0,0,0,0,0,0,0,0,0,0,0,0,0,0,0,0,0,0,0,0,0,0,0,0,0,0,0,0,0,0,0,0,0,0,0,0,0,0,0,0,0,0,0,0,0,0,0,0,0,0,0,0,0,0,0,0,0,0,0,0,0,0,0,0,0,0,0,0,0,0,0,0,0,0,0,0,0,0,0,0,0,0,0,0,0,0,0,0,0,0,0,0,0,0,0,0,0,0,0,0,0,0,0,0,0,0,0,0,0,0,0,0,0,0,0,0,0,0,0,0,0,0,0,0,0
026 - FVM - 2 crows - Baited,1075.720,0,0,0,0,0,0,0,0,0,0,0.000,8,0.000,0.000,0.000,0,0,0,0,0,0,0,0,0,0,0,0,0,0,0,0,0,0,0,0,0,0,0,0,0,0,0,0,0,0,0,0,0,0,0,0,0,0,0,0,959.513,2,479.757,632.279,0.892,115.850,1,115.850,0,0.108,0,0,0,0,0,0.996,2,0.498,0.000,-0.000,0,0,0,0,0,53.355,36,1.482,0.648,-0.019,48.494,39,1.243,1.118,-0.017,10.619,10,1.062,0.634,-0.004,1925.624,6,320.937,469.519,1.790,0.000,56,0.000,0.000,-0.000,0,0,0,0,0,0,0,0,0,0,0,0,0,0,0,0,0,0,0,0,0,0,0,0,0,0,0,0,0,0,0,0,0,0,0,0,0,0,0,0,0,0,0,0,0,0,0,0,0,0,0,0,0,0,0,0,0,0,0,0,0,0,0,0,0,0,0,0,0,0,0,0,0,0,0,0,0,0,0,0,0,0,0,0,0,0,0,0,0,0,0,0,0,0,0,0,0,0,0,0,0,0,0,0,0,0,0,0,0,0,0,0,0,0,0,0,0,0,0,0,0,0,0,0,0,0,0,0,0,0,0,0,0,0,0,0,0,0,0,0,0,0,0,0,0,0,0,0,0,0,0,0,0,0,0,0,0,0,0,0,0,0,0,0,0,0,0,0,0,0,0,0,0,0,0,0,0,0,0,0,0,0,0,0,0,0,0,0,0,0,0,0,0,0,0,0,0,0,0,0,0,0,0,0,0,0,0,0,0,0,0,0,0,0,0,0,0,0,0,0,0,0,0,0,0,0,0,0,0,0,0,0,0,0,0,0,0,0,0,0,0,0,0,0,0,0,0,0,0,0,0,0,0,0,0,0,0,0,0,0,0,0,0,0,0,0,0,0,0,0,0,0,0,0,0,0,0,0,0,0,0,0,0,0,0,0,0,0,0,0,0,0,0,0,0,0,0,0,0,0,0,0,0,0,0,0,0,0,0,0,0,0,0,0,0,0,0,0,0,0,0,0,0,0,0,0,0,0,0,0,0,0,0,0,0,0,0,0,0,0,0,0,0,0,0,0,0,0,0,0,0,0,0,0,0,0,0,0,0,0,0,0,0,0,0,0,0,0,0,0,0,0,0,0,0,0,0,0,0,0,0,0,0,0,0,0,0,0,0,0,0,0,0,0,0,0,0,0,0,0,0,0,0,0,0,0,0,0,0,0,0,0,0,0,0,0,0,0,0,0,0,0,0,0,0,0,0,0,0,0,0,0,0,0,0,0,0,0,0,0,0,0,0,0,0,0,0,0,0,0,0,0,0,0,0,0,0,0,0,0,0,0,0,0,0,0,0,0,0,0,0,0,0,0,0,0,0,0,0,0,0,0,0,0,0,0,0,0,0,0,0,0,0,0,0,0,0,0,0,0,0,0,0,0,0,0,0,0,0,0,0,0,0,0,0,0,0,0,0,0,0,0,0,0,0,0,0,0,0,0,0,0,0,0,0,0,0,0,0,0,0,0,0,0,0,0,0,0,0,0,0,0,0,0,0,0,0,0,0,0,0,0,0,0,0,0,0,0,0,0,0,0,0,0,0,0,0,0,0,0,0,0,0,0,0,0,0,0,0,0,0,0,0,0,0,0,0,0,0,0,0,0,0,0,0,0,0,0,0,0
027 - FVM - 2 crows - Baited,1200.050,0,0,0,0,0,0,0,0,0,0,0.000,2,0.000,0.000,0.000,0,0,0,0,0,0,0,0,0,0,0,0,0,0,0,0,0,0,0,0,0,0,0,0,0,0,0,0,0,0,0,0,0,0,0,0,0,0,0,0,1199.730,1,1199.730,0,1.000,0,0,0,0,0,0,0,0,0,0,194.614,4,48.654,55.601,-0.064,0,0,0,0,0,52.181,19,2.746,2.244,-0.017,77.506,22,3.523,5.337,-0.026,10.503,7,1.500,1.053,-0.003,2118.984,4,529.746,606.498,1.766,0.000,38,0.000,0.000,-0.000,0.000,5,0.000,0.000,-0.000,0,0,0,0,0,0,0,0,0,0,0,0,0,0,0,0,0,0,0,0,0,0,0,0,0,0,0,0,0,0,0,0,0,0,0,0,0,0,0,0,0,0,0,0,0,0,0,0,0,0,0,0,0,0,0,0,0,0,0,0,0,0,0,0,0,0,0,0,0,0,0,0,0,0,0,0,0,0,0,0,0,0,0,0,0,0,0,0,0,0,0,0,0,0,0,0,0,0,0,0,0,0,0,0,0,0,0,0,0,0,0,0,0,0,0,0,0,0,0,0,0,0,0,0,0,0,0,0,0,0,0,0,0,0,0,0,0,0,0,0,0,0,0,0,0,0,0,0,0,0,0,0,0,0,0,0,0,0,0,0,0,0,0,0,0,0,0,0,0,0,0,0,0,0,0,0,0,0,0,0,0,0,0,0,0,0,0,0,0,0,0,0,0,0,0,0,0,0,0,0,0,0,0,0,0,0,0,0,0,0,0,0,0,0,0,0,0,0,0,0,0,0,0,0,0,0,0,0,0,0,0,0,0,0,0,0,0,0,0,0,0,0,0,0,0,0,0,0,0,0,0,0,0,0,0,0,0,0,0,0,0,0,0,0,0,0,0,0,0,0,0,0,0,0,0,0,0,0,0,0,0,0,0,0,0,0,0,0,0,0,0,0,0,0,0,0,0,0,0,0,0,0,0,0,0,0,0,0,0,0,0,0,0,0,0,0,0,0,0,0,0,0,0,0,0,0,0,0,0,0,0,0,0,0,0,0,0,0,0,0,0,0,0,0,0,0,0,0,0,0,0,0,0,0,0,0,0,0,0,0,0,0,0,0,0,0,0,0,0,0,0,0,0,0,0,0,0,0,0,0,0,0,0,0,0,0,0,0,0,0,0,0,0,0,0,0,0,0,0,0,0,0,0,0,0,0,0,0,0,0,0,0,0,0,0,0,0,0,0,0,0,0,0,0,0,0,0,0,0,0,0,0,0,0,0,0,0,0,0,0,0,0,0,0,0,0,0,0,0,0,0,0,0,0,0,0,0,0,0,0,0,0,0,0,0,0,0,0,0,0,0,0,0,0,0,0,0,0,0,0,0,0,0,0,0,0,0,0,0,0,0,0,0,0,0,0,0,0,0,0,0,0,0,0,0,0,0,0,0,0,0,0,0,0,0,0,0,0,0,0,0,0,0,0,0,0,0,0,0,0,0,0,0,0,0,0,0,0,0,0,0,0,0,0,0,0,0,0,0,0,0,0,0,0,0,0,0,0,0,0,0,0,0,0,0,0,0,0,0,0,0,0,0,0,0,0,0,0,0,0,0,0,0,0,0,0,0,0,0,0,0,0,0,0,0,0,0,0,0,0,0,0,0,0,0
028 - FVM - 2 crows - Baited,898.800,0,0,0,0,0,0,0,0,0,0,0.000,2,0.000,0.000,0.000,0,0,0,0,0,0,0,0,0,0,0,0,0,0,0,0,0,0,0,0,0,0,0,0,0,0,0,0,0,0,0,0,0,0,0,0,0,0,0,0,42.177,1,42.177,0,0.047,74.344,1,74.344,0,0.083,0,0,0,0,0,14.122,2,7.061,0.000,-0.006,0,0,0,0,0,12.647,8,1.581,1.111,-0.005,39.470,11,3.588,4.286,-0.016,19.456,8,2.432,2.295,-0.008,1653.334,6,275.556,392.488,1.839,0.000,8,0.000,0.000,-0.000,0,0,0,0,0,0,0,0,0,0,0,0,0,0,0,0,0,0,0,0,0,0,0,0,0,0,0,0,0,0,0,0,0,0,0,0,0,0,0,0,0,0,0,0,0,0,0,0,0,0,0,0,0,0,0,0,0,0,0,0,0,0,0,0,0,0,0,0,0,0,0,0,0,0,0,0,0,0,0,0,0,0,0,0,0,0,0,0,0,0,0,0,0,0,0,0,0,0,0,0,0,0,0,0,0,0,0,0,0,0,0,0,0,0,0,0,0,0,0,0,0,0,0,0,0,0,0,0,0,0,0,0,0,0,0,0,0,0,0,0,0,0,0,0,0,0,0,0,0,0,0,0,0,0,0,0,0,0,0,0,0,0,0,0,0,0,0,0,0,0,0,0,0,0,0,0,0,0,0,0,0,0,0,0,0,0,0,0,0,0,0,0,0,0,0,0,0,0,0,0,0,0,0,0,0,0,0,0,0,0,0,0,0,0,0,0,0,0,0,0,0,0,0,0,0,0,0,0,0,0,0,0,0,0,0,0,0,0,0,0,0,0,0,0,0,0,0,0,0,0,0,0,0,0,0,0,0,0,0,0,0,0,0,0,0,0,0,0,0,0,0,0,0,0,0,0,0,0,0,0,0,0,0,0,0,0,0,0,0,0,0,0,0,0,0,0,0,0,0,0,0,0,0,0,0,0,0,0,0,0,0,0,0,0,0,0,0,0,0,0,0,0,0,0,0,0,0,0,0,0,0,0,0,0,0,0,0,0,0,0,0,0,0,0,0,0,0,0,0,0,0,0,0,0,0,0,0,0,0,0,0,0,0,0,0,0,0,0,0,0,0,0,0,0,0,0,0,0,0,0,0,0,0,0,0,0,0,0,0,0,0,0,0,0,0,0,0,0,0,0,0,0,0,0,0,0,0,0,0,0,0,0,0,0,0,0,0,0,0,0,0,0,0,0,0,0,0,0,0,0,0,0,0,0,0,0,0,0,0,0,0,0,0,0,0,0,0,0,0,0,0,0,0,0,0,0,0,0,0,0,0,0,0,0,0,0,0,0,0,0,0,0,0,0,0,0,0,0,0,0,0,0,0,0,0,0,0,0,0,0,0,0,0,0,0,0,0,0,0,0,0,0,0,0,0,0,0,0,0,0,0,0,0,0,0,0,0,0,0,0,0,0,0,0,0,0,0,0,0,0,0,0,0,0,0,0,0,0,0,0,0,0,0,0,0,0,0,0,0,0,0,0,0,0,0,0,0,0,0,0,0,0,0,0,0,0,0,0,0,0,0,0,0,0,0,0,0,0,0,0,0,0,0,0,0,0,0,0,0,0,0,0,0,0,0,0,0,0,0,0,0,0,0,0,0,0,0,0,0,0
029 - FVM - 2 crows - Baited,1200.050,0,0,0,0,0,0,0,0,0,0,0.000,6,0.000,0.000,0.000,0,0,0,0,0,0,0,0,0,0,0,0,0,0,0,0,0,0,0,0,0,0,0,0,0,0,0,0,0,0,0,0,0,0,0,0,0,0,0,0,1142.525,2,571.262,386.196,0.952,57.045,1,57.045,0,0.048,0,0,0,0,0,89.202,6,14.867,12.999,-0.034,0,0,0,0,0,83.068,54,1.538,1.086,-0.032,124.335,61,2.038,4.138,-0.048,41.341,19,2.176,1.814,-0.016,1901.392,6,316.899,308.623,1.584,0.000,80,0.000,0.000,-0.000,0,0,0,0,0,0,0,0,0,0,0,0,0,0,0,0,0,0,0,0,0,0,0,0,0,0,0,0,0,0,55.508,6,9.251,6.760,-0.019,0,0,0,0,0,53.024,19,2.791,1.641,-0.018,67.849,30,2.262,1.685,-0.023,42.972,23,1.868,1.878,-0.015,2071.306,6,345.218,302.281,1.726,0.000,53,0.000,0.000,-0.000,0,0,0,0,0,0,0,0,0,0,0,0,0,0,0,0,0,0,0,0,0,0,0,0,0,0,0,0,0,0,0,0,0,0,0,0,0,0,0,0,0,0,0,0,0,0,0,0,0,0,0,0,0,0,0,0,0,0,0,0,0,0,0,0,0,0,0,0,0,0,0,0,0,0,0,0,0,0,0,0,0,0,0,0,0,0,0,0,0,0,0,0,0,0,0,0,0,0,0,0,0,0,0,0,0,0,0,0,0,0,0,0,0,0,0,0,0,0,0,0,0,0,0,0,0,0,0,0,0,0,0,0,0,0,0,0,0,0,0,0,0,0,0,0,0,0,0,0,0,0,0,0,0,0,0,0,0,0,0,0,0,0,0,0,0,0,0,0,0,0,0,0,0,0,0,0,0,0,0,0,0,0,0,0,0,0,0,0,0,0,0,0,0,0,0,0,0,0,0,0,0,0,0,0,0,0,0,0,0,0,0,0,0,0,0,0,0,0,0,0,0,0,0,0,0,0,0,0,0,0,0,0,0,0,0,0,0,0,0,0,0,0,0,0,0,0,0,0,0,0,0,0,0,0,0,0,0,0,0,0,0,0,0,0,0,0,0,0,0,0,0,0,0,0,0,0,0,0,0,0,0,0,0,0,0,0,0,0,0,0,0,0,0,0,0,0,0,0,0,0,0,0,0,0,0,0,0,0,0,0,0,0,0,0,0,0,0,0,0,0,0,0,0,0,0,0,0,0,0,0,0,0,0,0,0,0,0,0,0,0,0,0,0,0,0,0,0,0,0,0,0,0,0,0,0,0,0,0,0,0,0,0,0,0,0,0,0,0,0,0,0,0,0,0,0,0,0,0,0,0,0,0,0,0,0,0,0,0,0,0,0,0,0,0,0,0,0,0,0,0,0,0,0,0,0,0,0,0,0,0,0,0,0,0,0,0,0,0,0,0,0,0,0,0,0,0,0,0,0,0,0,0,0,0,0,0,0,0,0,0,0,0,0,0,0,0,0,0,0,0,0,0,0,0,0,0,0,0,0,0,0,0,0,0,0,0,0,0,0,0,0,0,0,0,0,0,0,0,0,0,0,0,0,0,0,0,0,0,0,0,0,0,0,0,0,0,0,0,0,0,0,0,0,0,0,0,0,0,0,0,0,0,0,0,0,0,0,0,0,0,0,0,0,0,0,0,0,0,0,0,0,0,0,0,0,0,0,0,0,0,0,0,0,0,0
030 - FVM - 2 crows - Baited,1129.330,0,0,0,0,0,0,0,0,0,0,0,0,0,0,0,0,0,0,0,0,0,0,0,0,0,0,0,0,0,0,0,0,0,0,0,0,0,0,0,0,0,0,0,0,0,0,0,0,0,0,0,0,0,0,0,1004.959,2,502.480,578.063,0.890,124.083,1,124.083,0,0.110,0,0,0,0,0,97.002,4,24.251,23.097,-0.034,0,0,0,0,0,51.970,34,1.529,0.822,-0.018,40.548,37,1.096,1.226,-0.014,31.475,19,1.657,1.267,-0.011,2009.920,4,502.480,471.987,1.780,0.000,27,0.000,0.000,-0.000,0.000,13,0.000,0.000,-0.000,0,0,0,0,0,0,0,0,0,0,0,0,0,0,0,0,0,0,0,0,0,0,0,0,0,0,0,0,0,0,0,0,0,0,0,0,0,0,0,0,0,0,0,0,0,0,0,0,0,0,0,0,0,0,0,0,0,0,0,0,0,0,0,0,0,0,0,0,0,0,0,0,0,0,0,0,0,0,0,0,0,0,0,0,0,0,0,0,0,0,0,0,0,0,0,0,0,0,0,0,0,0,0,0,0,0,0,0,0,0,0,0,0,0,0,0,0,0,0,0,0,0,0,0,0,0,0,0,0,0,0,0,0,0,0,0,0,0,0,0,0,0,0,0,0,0,0,0,0,0,0,0,0,0,0,0,0,0,0,0,0,0,0,0,0,0,0,0,0,0,0,0,0,0,0,0,0,0,0,0,0,0,0,0,0,0,0,0,0,0,0,0,0,0,0,0,0,0,0,0,0,0,0,0,0,0,0,0,0,0,0,0,0,0,0,0,0,0,0,0,0,0,0,0,0,0,0,0,0,0,0,0,0,0,0,0,0,0,0,0,0,0,0,0,0,0,0,0,0,0,0,0,0,0,0,0,0,0,0,0,0,0,0,0,0,0,0,0,0,0,0,0,0,0,0,0,0,0,0,0,0,0,0,0,0,0,0,0,0,0,0,0,0,0,0,0,0,0,0,0,0,0,0,0,0,0,0,0,0,0,0,0,0,0,0,0,0,0,0,0,0,0,0,0,0,0,0,0,0,0,0,0,0,0,0,0,0,0,0,0,0,0,0,0,0,0,0,0,0,0,0,0,0,0,0,0,0,0,0,0,0,0,0,0,0,0,0,0,0,0,0,0,0,0,0,0,0,0,0,0,0,0,0,0,0,0,0,0,0,0,0,0,0,0,0,0,0,0,0,0,0,0,0,0,0,0,0,0,0,0,0,0,0,0,0,0,0,0,0,0,0,0,0,0,0,0,0,0,0,0,0,0,0,0,0,0,0,0,0,0,0,0,0,0,0,0,0,0,0,0,0,0,0,0,0,0,0,0,0,0,0,0,0,0,0,0,0,0,0,0,0,0,0,0,0,0,0,0,0,0,0,0,0,0,0,0,0,0,0,0,0,0,0,0,0,0,0,0,0,0,0,0,0,0,0,0,0,0,0,0,0,0,0,0,0,0,0,0,0,0,0,0,0,0,0,0,0,0,0,0,0,0,0,0,0,0,0,0,0,0,0,0,0,0,0,0,0,0,0,0,0,0,0,0,0,0,0,0,0,0,0,0,0,0,0,0,0,0,0,0,0,0,0,0,0,0,0,0,0,0,0,0,0,0,0,0,0,0,0,0,0,0,0,0,0,0,0,0,0,0,0,0,0,0,0
031 - FVM - 2 crows - Baited,1200.050,0,0,0,0,0,0,0,0,0,0,0.000,4,0.000,0.000,0.000,0,0,0,0,0,0,0,0,0,0,0,0,0,0,0,0,0,0,0,0,0,0,0,0,0,0,0,0,0,0,0,0,0,0,0,0,0,0,0,0,0,0,0,0,0,1199.756,1,1199.756,0,1.000,0,0,0,0,0,6.854,4,1.713,0.330,-0.002,0,0,0,0,0,70.252,54,1.301,0.757,-0.024,64.019,56,1.143,0.873,-0.022,23.632,26,0.909,0.878,-0.008,2083.440,2,1041.720,0.000,1.736,0.000,84,0.000,0.000,-0.000,0,0,0,0,0,0,0,0,0,0,0,0,0,0,0,0,0,0,0,0,0,0,0,0,0,0,0,0,0,0,0,0,0,0,0,0,0,0,0,0,0,0,0,0,0,0,0,0,0,0,0,0,0,0,0,0,0,0,0,0,0,0,0,0,0,0,0,0,0,0,0,0,0,0,0,0,0,0,0,0,0,0,0,0,0,0,0,0,0,0,0,0,0,0,0,0,0,0,0,0,0,0,0,0,0,0,0,0,0,0,0,0,0,0,0,0,0,0,0,0,0,0,0,0,0,0,0,0,0,0,0,0,0,0,0,0,0,0,0,0,0,0,0,0,0,0,0,0,0,0,0,0,0,0,0,0,0,0,0,0,0,0,0,0,0,0,0,0,0,0,0,0,0,0,0,0,0,0,0,0,0,0,0,0,0,0,0,0,0,0,0,0,0,0,0,0,0,0,0,0,0,0,0,0,0,0,0,0,0,0,0,0,0,0,0,0,0,0,0,0,0,0,0,0,0,0,0,0,0,0,0,0,0,0,0,0,0,0,0,0,0,0,0,0,0,0,0,0,0,0,0,0,0,0,0,0,0,0,0,0,0,0,0,0,0,0,0,0,0,0,0,0,0,0,0,0,0,0,0,0,0,0,0,0,0,0,0,0,0,0,0,0,0,0,0,0,0,0,0,0,0,0,0,0,0,0,0,0,0,0,0,0,0,0,0,0,0,0,0,0,0,0,0,0,0,0,0,0,0,0,0,0,0,0,0,0,0,0,0,0,0,0,0,0,0,0,0,0,0,0,0,0,0,0,0,0,0,0,0,0,0,0,0,0,0,0,0,0,0,0,0,0,0,0,0,0,0,0,0,0,0,0,0,0,0,0,0,0,0,0,0,0,0,0,0,0,0,0,0,0,0,0,0,0,0,0,0,0,0,0,0,0,0,0,0,0,0,0,0,0,0,0,0,0,0,0,0,0,0,0,0,0,0,0,0,0,0,0,0,0,0,0,0,0,0,0,0,0,0,0,0,0,0,0,0,0,0,0,0,0,0,0,0,0,0,0,0,0,0,0,0,0,0,0,0,0,0,0,0,0,0,0,0,0,0,0,0,0,0,0,0,0,0,0,0,0,0,0,0,0,0,0,0,0,0,0,0,0,0,0,0,0,0,0,0,0,0,0,0,0,0,0,0,0,0,0,0,0,0,0,0,0,0,0,0,0,0,0,0,0,0,0,0,0,0,0,0,0,0,0,0,0,0,0,0,0,0,0,0,0,0,0,0,0,0,0,0,0,0,0,0,0,0,0,0,0,0,0,0,0,0,0,0,0,0,0,0,0,0,0,0,0,0,0,0,0,0,0,0,0,0,0,0,0,0,0,0,0,0,0
032  - Ontario St. Tim Hortons - 4 crows - No Bait,619.720,0,0,0,0,0,0,0,0,0,0,0.000,6,0.000,0.000,0.000,0,0,0,0,0,0,0,0,0,0,0,0,0,0,0,0,0,0,0,0,0,0,0,0,0,0,0,0,0,0,0,0,0,0,0,0,0,0,0,0,619.355,1,619.355,0,0.999,0,0,0,0,0,0.000,2,0.000,0.000,-0.000,0,0,0,0,0,0,0,0,0,0,100.146,57,1.757,1.250,-0.465,109.615,73,1.502,1.632,-0.509,101.949,59,1.728,1.814,-0.473,417.622,32,13.051,29.013,0.674,0.000,125,0.000,0.000,-0.000,0,0,0,0,0,62.773,21,2.989,2.597,-0.291,35.816,25,1.433,1.169,-0.166,0,0,0,0,0,0,0,0,0,0,0.000,2,0.000,0.000,-0.000,0,0,0,0,0,0,0,0,0,0,66.218,39,1.698,1.151,-0.070,83.359,54,1.544,1.306,-0.088,78.361,66,1.187,1.019,-0.083,782.504,18,43.472,114.448,1.263,0.000,52,0.000,0.000,-0.000,0,0,0,0,0,0,0,0,0,0,0,0,0,0,0,0,0,0,0,0,0,0,0,0,0,0,0,0,0,0,0,0,0,0,0,0,0,0,0,0,35.231,21,1.678,1.340,-0.026,50.813,31,1.639,1.059,-0.038,42.771,28,1.528,1.231,-0.032,980.914,12,81.743,155.598,1.583,0.000,32,0.000,0.000,-0.000,0,0,0,0,0,0,0,0,0,0,0,0,0,0,0,0,0,0,0,0,0,0,0,0,0,0,0,0,0,0,0,0,0,0,0,0,0,0,0,0,12.239,11,1.113,0.606,-0.009,50.307,28,1.797,2.192,-0.035,40.233,25,1.609,1.477,-0.028,1026.018,10,102.602,190.835,1.656,0.000,11,0.000,0.000,-0.000,0,0,0,0,0,0,0,0,0,0,3.498,1,3.498,0,-0.002,0,0,0,0,0,0,0,0,0,0,0,0,0,0,0,0,0,0,0,0,0,0,0,0,0,0,0,0,0,0,0,0,0,0,0,0,0,0,0,0,0,0,0,0,0,0,0,0,0,0,0,0,0,0,0,0,0,0,0,0,0,0,0,0,0,0,0,0,0,0,0,0,0,0,0,0,0,0,0,0,0,0,0,0,0,0,0,0,0,0,0,0,0,0,0,0,0,0,0,0,0,0,0,0,0,0,0,0,0,0,0,0,0,0,0,0,0,0,0,0,0,0,0,0,0,0,0,0,0,0,0,0,0,0,0,0,0,0,0,0,0,0,0,0,0,0,0,0,0,0,0,0,0,0,0,0,0,0,0,0,0,0,0,0,0,0,0,0,0,0,0,0,0,0,0,0,0,0,0,0,0,0,0,0,0,0,0,0,0,0,0,0,0,0,0,0,0,0,0,0,0,0,0,0,0,0,0,0,0,0,0,0,0,0,0,0,0,0,0,0,0,0,0,0,0,0,0,0,0,0,0,0,0,0,0,0,0,0,0,0,0,0,0,0,0,0,0,0,0,0,0,0,0,0,0,0,0,0,0,0,0,0,0,0,0,0,0,0,0,0,0,0,0,0,0,0,0,0,0,0,0,0,0,0,0,0,0,0,0,0,0,0,0,0,0,0,0,0,0,0,0,0,0,0,0,0,0,0,0,0,0,0,0,0,0,0,0,0,0,0,0,0,0,0,0,0,0,0,0,0,0,0,0,0,0,0,0,0,0,0,0,0,0,0,0,0,0,0,0,0,0,0,0,0,0,0,0,0,0,0,0,0,0,0,0,0,0,0,0,0,0,0,0,0,0,0,0,0,0,0,0,0,0,0,0,0,0,0,0,0,0,0,0,0,0,0,0,0,0,0
033 - NF Subways PLot - 2 crows - Baited,1200.050,0,0,0,0,0,0,0,0,0,0,0,0,0,0,0,0,0,0,0,0,0,0,0,0,0,0,0,0,0,0,0,0,0,0,0,0,0,0,0,0,0.000,1,0.000,0,0.000,0,0,0,0,0,0,0,0,0,0,1085.726,2,542.863,503.501,0.905,114.015,2,57.008,55.468,0.095,0,0,0,0,0,1596.372,20,79.819,113.257,-9.553,0,0,0,0,0,131.600,102,1.290,0.777,-0.787,101.496,109,0.931,0.666,-0.607,150.576,33,4.563,4.958,-0.901,683.582,16,42.724,63.880,0.570,0.000,282,0.000,0.000,-0.000,0.000,11,0.000,0.000,-0.000,136.180,62,2.196,1.506,-0.815,334.821,70,4.783,13.006,-2.004,0,0,0,0,0,0,0,0,0,0,0,0,0,0,0,686.374,24,28.599,38.905,-0.327,0,0,0,0,0,9.011,8,1.126,0.656,-0.004,13.992,12,1.166,0.763,-0.007,59.288,26,2.280,2.410,-0.028,1647.972,26,63.384,117.195,1.373,0.000,192,0.000,0.000,-0.000,0,0,0,0,0,176.047,48,3.668,3.416,-0.084,116.042,54,2.149,2.313,-0.055,0,0,0,0,0,0,0,0,0,0,0,0,0,0,0,0,0,0,0,0,0,0,0,0,0,0,0,0,0,0,0,0,0,0,0,0,0,0,0,0,0,0,0,0,0,0,0,0,0,0,0,0,0,0,0,0,0,0,0,0,0,0,0,0,0,0,0,0,0,0,0,0,0,0,0,0,0,0,0,0,0,0,0,0,0,0,0,0,0,0,0,0,0,0,0,0,0,0,0,0,0,0,0,0,0,0,0,0,0,0,0,0,0,0,0,0,0,0,0,0,0,0,0,0,0,0,0,0,0,0,0,0,0,0,0,0,0,0,0,0,0,0,0,0,0,0,0,0,0,0,0,0,0,0,0,0,0,0,0,0,0,0,0,0,0,0,0,0,0,0,0,0,0,0,0,0,0,0,0,0,0,0,0,0,0,0,0,0,0,0,0,0,0,0,0,0,0,0,0,0,0,0,0,0,0,0,0,0,0,0,0,0,0,0,0,0,0,0,0,0,0,0,0,0,0,0,0,0,0,0,0,0,0,0,0,0,0,0,0,0,0,0,0,0,0,0,0,0,0,0,0,0,0,0,0,0,0,0,0,0,0,0,0,0,0,0,0,0,0,0,0,0,0,0,0,0,0,0,0,0,0,0,0,0,0,0,0,0,0,0,0,0,0,0,0,0,0,0,0,0,0,0,0,0,0,0,0,0,0,0,0,0,0,0,0,0,0,0,0,0,0,0,0,0,0,0,0,0,0,0,0,0,0,0,0,0,0,0,0,0,0,0,0,0,0,0,0,0,0,0,0,0,0,0,0,0,0,0,0,0,0,0,0,0,0,0,0,0,0,0,0,0,0,0,0,0,0,0,0,0,0,0,0,0,0,0,0,0,0,0,0,0,0,0,0,0,0,0,0,0,0,0,0,0,0,0,0,0,0,0,0,0,0,0,0,0,0,0,0,0,0,0,0,0,0,0,0,0,0,0,0,0,0,0,0,0,0,0,0,0,0,0,0,0,0,0,0,0,0,0,0,0,0,0,0,0,0,0,0,0,0,0,0,0,0,0,0,0,0,0,0,0,0,0,0,0,0,0,0,0,0,0,0,0,0,0,0,0,0,0,0,0,0,0,0,0,0,0,0,0,0,0,0,0,0,0,0,0,0,0,0,0,0,0,0,0,0,0,0,0,0,0,0,0,0,0,0,0,0,0
034 - NF Subways PLot - 1 crow - Baited,1200.050,0,0,0,0,0,0,0,0,0,0,0,0,0,0,0,0,0,0,0,0,0,0,0,0,0,0,0,0,0,0,0,0,0,0,0,0,0,0,0,0,0,0,0,0,0,0,0,0,0,0,0,0,0,0,0,1199.612,1,1199.612,0,1.000,0,0,0,0,0,0,0,0,0,0,93.506,6,15.584,12.488,-0.030,0,0,0,0,0,14.415,11,1.310,1.091,-0.005,46.437,18,2.580,2.849,-0.015,30.728,16,1.920,2.056,-0.010,2175.078,6,362.513,547.128,1.812,0.000,18,0.000,0.000,-0.000,0,0,0,0,0,3.759,2,1.879,0.876,-0.001,16.012,5,3.202,3.094,-0.005,0,0,0,0,0,0,0,0,0,0,0,0,0,0,0,0,0,0,0,0,0,0,0,0,0,0,0,0,0,0,0,0,0,0,0,0,0,0,0,0,0,0,0,0,0,0,0,0,0,0,0,0,0,0,0,0,0,0,0,0,0,0,0,0,0,0,0,0,0,0,0,0,0,0,0,0,0,0,0,0,0,0,0,0,0,0,0,0,0,0,0,0,0,0,0,0,0,0,0,0,0,0,0,0,0,0,0,0,0,0,0,0,0,0,0,0,0,0,0,0,0,0,0,0,0,0,0,0,0,0,0,0,0,0,0,0,0,0,0,0,0,0,0,0,0,0,0,0,0,0,0,0,0,0,0,0,0,0,0,0,0,0,0,0,0,0,0,0,0,0,0,0,0,0,0,0,0,0,0,0,0,0,0,0,0,0,0,0,0,0,0,0,0,0,0,0,0,0,0,0,0,0,0,0,0,0,0,0,0,0,0,0,0,0,0,0,0,0,0,0,0,0,0,0,0,0,0,0,0,0,0,0,0,0,0,0,0,0,0,0,0,0,0,0,0,0,0,0,0,0,0,0,0,0,0,0,0,0,0,0,0,0,0,0,0,0,0,0,0,0,0,0,0,0,0,0,0,0,0,0,0,0,0,0,0,0,0,0,0,0,0,0,0,0,0,0,0,0,0,0,0,0,0,0,0,0,0,0,0,0,0,0,0,0,0,0,0,0,0,0,0,0,0,0,0,0,0,0,0,0,0,0,0,0,0,0,0,0,0,0,0,0,0,0,0,0,0,0,0,0,0,0,0,0,0,0,0,0,0,0,0,0,0,0,0,0,0,0,0,0,0,0,0,0,0,0,0,0,0,0,0,0,0,0,0,0,0,0,0,0,0,0,0,0,0,0,0,0,0,0,0,0,0,0,0,0,0,0,0,0,0,0,0,0,0,0,0,0,0,0,0,0,0,0,0,0,0,0,0,0,0,0,0,0,0,0,0,0,0,0,0,0,0,0,0,0,0,0,0,0,0,0,0,0,0,0,0,0,0,0,0,0,0,0,0,0,0,0,0,0,0,0,0,0,0,0,0,0,0,0,0,0,0,0,0,0,0,0,0,0,0,0,0,0,0,0,0,0,0,0,0,0,0,0,0,0,0,0,0,0,0,0,0,0,0,0,0,0,0,0,0,0,0,0,0,0,0,0,0,0,0,0,0,0,0,0,0,0,0,0,0,0,0,0,0,0,0,0,0,0,0,0,0,0,0,0,0,0,0,0,0,0,0,0,0,0,0,0,0,0,0,0,0,0,0,0,0,0,0,0,0,0,0,0,0,0,0,0,0,0,0,0,0,0,0
035 - Charles Ansell Park - 3 crows - No Bait,500.050,0,0,0,0,0,0,0,0,0,0,0.000,50,0.000,0.000,0.000,0,0,0,0,0,0,0,0,0,0,0,0,0,0,0,0,0,0,0,0,0,0,0,0,0,0,0,0,0,0,0,0,0,0,0,0,0,0,0,0,0,0,0,0,0,499.999,1,499.999,0,1.000,0,0,0,0,0,0,0,0,0,0,0,0,0,0,0,13.974,12,1.165,0.423,-0.018,14.270,14,1.019,0.544,-0.018,12.746,9,1.416,0.743,-0.016,649.228,26,24.970,41.389,1.298,0.000,23,0.000,0.000,-0.000,0,0,0,0,0,31.278,18,1.738,1.080,-0.039,102.283,26,3.934,4.421,-0.128,0,0,0,0,0,0,0,0,0,0,0,0,0,0,0,0,0,0,0,0,0,0,0,0,0,14.001,7,2.000,1.406,-0.016,6.261,9,0.696,0.302,-0.007,15.534,12,1.294,1.055,-0.018,685.218,22,31.146,47.069,1.370,0.000,21,0.000,0.000,-0.000,0,0,0,0,0,86.523,17,5.090,4.952,-0.099,34.246,17,2.014,1.721,-0.039,0,0,0,0,0,0,0,0,0,0,0,0,0,0,0,0,0,0,0,0,0,0,0,0,0,0,0,0,0,0,0,0,0,0,0,2.959,2,1.479,0.723,-0.003,797.818,10,79.782,131.344,1.595,0,0,0,0,0,0,0,0,0,0,8.481,4,2.120,2.920,-0.008,89.631,9,9.959,10.941,-0.082,0,0,0,0,0,0,0,0,0,0,0,0,0,0,0,0,0,0,0,0,0,0,0,0,0,0,0,0,0,0,0,0,0,0,0,0,0,0,0,0,0,0,0,0,0,0,0,0,0,0,0,0,0,0,0,0,0,0,0,0,0,0,0,0,0,0,0,0,0,0,0,0,0,0,0,0,0,0,0,0,0,0,0,0,0,0,0,0,0,0,0,0,0,0,0,0,0,0,0,0,0,0,0,0,0,0,0,0,0,0,0,0,0,0,0,0,0,0,0,0,0,0,0,0,0,0,0,0,0,0,0,0,0,0,0,0,0,0,0,0,0,0,0,0,0,0,0,0,0,0,0,0,0,0,0,0,0,0,0,0,0,0,0,0,0,0,0,0,0,0,0,0,0,0,0,0,0,0,0,0,0,0,0,0,0,0,0,0,0,0,0,0,0,0,0,0,0,0,0,0,0,0,0,0,0,0,0,0,0,0,0,0,0,0,0,0,0,0,0,0,0,0,0,0,0,0,0,0,0,0,0,0,0,0,0,0,0,0,0,0,0,0,0,0,0,0,0,0,0,0,0,0,0,0,0,0,0,0,0,0,0,0,0,0,0,0,0,0,0,0,0,0,0,0,0,0,0,0,0,0,0,0,0,0,0,0,0,0,0,0,0,0,0,0,0,0,0,0,0,0,0,0,0,0,0,0,0,0,0,0,0,0,0,0,0,0,0,0,0,0,0,0,0,0,0,0,0,0,0,0,0,0,0,0,0,0,0,0,0,0,0,0,0,0,0,0,0,0,0,0,0,0,0,0,0,0,0,0,0,0,0,0,0,0,0,0,0,0,0,0,0,0,0,0,0,0,0,0,0,0,0,0,0,0,0,0,0,0,0,0,0,0,0,0,0,0,0,0,0,0,0,0,0,0,0,0,0,0,0,0,0,0,0,0,0,0,0,0,0,0,0,0,0,0,0,0,0,0,0,0,0,0,0,0,0,0,0,0,0,0,0,0,0,0,0,0,0,0,0,0,0,0,0,0,0,0,0,0,0,0,0,0,0,0,0
036 - FVM - 2 crows - Baited,1200.050,0,0,0,0,0,0,0,0,0,0,0.000,10,0.000,0.000,0.000,0,0,0,0,0,0,0,0,0,0,0,0,0,0,0,0,0,0,0,0,0,0,0,0,0,0,0,0,0,0,0,0,0,0,0,0,0,0,0,0,267.952,2,133.976,60.610,0.223,931.786,2,465.893,431.663,0.776,0,0,0,0,0,308.198,14,22.014,28.367,-0.142,0,0,0,0,0,181.542,80,2.269,1.503,-0.084,112.586,83,1.356,1.244,-0.052,62.023,28,2.215,1.920,-0.029,1686.792,12,140.566,240.049,1.406,0.000,150,0.000,0.000,-0.000,0.000,52,0.000,0.000,-0.000,0,0,0,0,0,0,0,0,0,0,0,0,0,0,0,0,0,0,0,0,0,0,0,0,0,43.506,10,4.351,6.280,-0.014,0,0,0,0,0,43.118,26,1.658,0.959,-0.014,49.509,32,1.547,1.846,-0.016,35.440,18,1.969,1.757,-0.011,2143.192,10,214.319,301.745,1.786,0.000,55,0.000,0.000,-0.000,0,0,0,0,0,0,0,0,0,0,0,0,0,0,0,0,0,0,0,0,0,0,0,0,0,0,0,0,0,0,0,0,0,0,0,0,0,0,0,0,0,0,0,0,0,0,0,0,0,0,0,0,0,0,0,0,0,0,0,0,0,0,0,0,0,0,0,0,0,0,0,0,0,0,0,0,0,0,0,0,0,0,0,0,0,0,0,0,0,0,0,0,0,0,0,0,0,0,0,0,0,0,0,0,0,0,0,0,0,0,0,0,0,0,0,0,0,0,0,0,0,0,0,0,0,0,0,0,0,0,0,0,0,0,0,0,0,0,0,0,0,0,0,0,0,0,0,0,0,0,0,0,0,0,0,0,0,0,0,0,0,0,0,0,0,0,0,0,0,0,0,0,0,0,0,0,0,0,0,0,0,0,0,0,0,0,0,0,0,0,0,0,0,0,0,0,0,0,0,0,0,0,0,0,0,0,0,0,0,0,0,0,0,0,0,0,0,0,0,0,0,0,0,0,0,0,0,0,0,0,0,0,0,0,0,0,0,0,0,0,0,0,0,0,0,0,0,0,0,0,0,0,0,0,0,0,0,0,0,0,0,0,0,0,0,0,0,0,0,0,0,0,0,0,0,0,0,0,0,0,0,0,0,0,0,0,0,0,0,0,0,0,0,0,0,0,0,0,0,0,0,0,0,0,0,0,0,0,0,0,0,0,0,0,0,0,0,0,0,0,0,0,0,0,0,0,0,0,0,0,0,0,0,0,0,0,0,0,0,0,0,0,0,0,0,0,0,0,0,0,0,0,0,0,0,0,0,0,0,0,0,0,0,0,0,0,0,0,0,0,0,0,0,0,0,0,0,0,0,0,0,0,0,0,0,0,0,0,0,0,0,0,0,0,0,0,0,0,0,0,0,0,0,0,0,0,0,0,0,0,0,0,0,0,0,0,0,0,0,0,0,0,0,0,0,0,0,0,0,0,0,0,0,0,0,0,0,0,0,0,0,0,0,0,0,0,0,0,0,0,0,0,0,0,0,0,0,0,0,0,0,0,0,0,0,0,0,0,0,0,0,0,0,0,0,0,0,0,0,0,0,0,0,0,0,0,0,0,0,0,0,0,0,0,0,0,0,0,0,0,0,0,0,0,0,0,0,0,0,0,0,0,0,0,0,0,0,0,0,0,0,0,0,0,0,0,0,0,0,0,0,0,0,0,0,0,0,0,0,0,0,0,0,0,0
037 - Lancaster Park - 4 crows - No Bait,230.580,0,0,0,0,0,0,0,0,0,0,0,0,0,0,0,0,0,0,0,0,0,0,0,0,0,0,0,0,0,0,0,0,0,0,0,0,0,0,0,0,0,0,0,0,0,0,0,0,0,0,0,0,0,0,0,0,0,0,0,0,230.462,1,230.462,0,0.999,0,0,0,0,0,0,0,0,0,0,0,0,0,0,0,51.674,17,3.040,3.793,-0.174,24.227,17,1.425,1.320,-0.081,22.468,11,2.043,1.800,-0.075,264.088,14,18.863,25.253,1.145,0.000,23,0.000,0.000,-0.000,0,0,0,0,0,0,0,0,0,0,0,0,0,0,0,0,0,0,0,0,0,0,0,0,0,0,0,0,0,0,0,0,0,0,0,0,0,0,0,0,33.709,12,2.809,1.634,-0.116,21.750,9,2.417,4.683,-0.075,42.175,14,3.012,5.182,-0.146,260.002,10,26.000,29.204,1.128,0.000,21,0.000,0.000,-0.000,0,0,0,0,0,0,0,0,0,0,0,0,0,0,0,0,0,0,0,0,0,0,0,0,0,0,0,0,0,0,0,0,0,0,0,0,0,0,0,0,0,0,0,0,0,0,0,0,0,0,0,0,0,0,0,0,0,0,0,0,0,0,0,0,0,0,0,0,0,0,0,0,0,0,0,0,0,0,0,0,0,0,0,0,0,0,0,0,0,0,0,0,0,0,0,0,0,0,0,0,0,0,0,0,0,0,0,0,0,0,0,0,0,0,0,0,0,0,0,0,0,0,0,0,0,0,0,0,0,0,0,0,0,0,0,0,0,0,0,0,0,0,0,0,0,0,0,0,0,0,0,0,0,0,0,0,0,0,0,0,0,0,0,0,0,0,0,0,0,0,0,0,0,0,0,0,0,0,0,0,0,0,0,0,0,0,0,0,0,0,0,0,0,0,0,0,0,0,0,0,0,0,0,0,0,0,0,0,0,0,0,0,0,0,0,0,0,0,0,0,0,0,0,0,0,0,0,0,0,0,0,0,0,0,0,0,0,0,0,0,0,0,0,0,0,0,0,0,0,0,0,0,0,0,0,0,0,0,0,0,0,0,0,0,0,0,0,0,0,0,0,0,0,0,0,0,0,0,0,0,0,0,0,0,0,0,0,0,0,0,0,0,0,0,0,0,0,0,0,0,0,0,0,0,0,0,0,0,0,0,0,0,0,0,0,0,0,0,0,0,0,0,0,0,0,0,0,0,0,0,0,0,0,0,0,0,0,0,0,0,0,0,0,0,0,0,0,0,0,0,0,0,0,0,0,0,0,0,0,0,0,0,0,0,0,0,0,0,0,0,0,0,0,0,0,0,0,0,0,0,0,0,0,0,0,0,0,0,0,0,0,0,0,0,0,0,0,0,0,0,0,0,0,0,0,0,0,0,0,0,0,0,0,0,0,0,0,0,0,0,0,0,0,0,0,0,0,0,0,0,0,0,0,0,0,0,0,0,0,0,0,0,0,0,0,0,0,0,0,0,0,0,0,0,0,0,0,0,0,0,0,0,0,0,0,0,0,0,0,0,0,0,0,0,0,0,0,0,0,0,0,0,0,0,0,0,0,0,0,0,0,0,0,0,0,0,0,0,0,0,0,0,0,0,0,0,0,0,0,0,0,0,0,0,0,0,0,0,0,0,0,0,0,0,0,0,0,0,0,0,0,0,0,0,0,0,0,0,0,0,0,0,0,0,0
037-2 - Dairy Queen PLot - 7 crows - Baited,600.850,0,0,0,0,0,0,0,0,0,0,0,0,0,0,0,0,0,0,0,0,0,0,0,0,0,0,0,0,0,0,0,0,0,0,0,0,0,0,0,0,0,0,0,0,0,0,0,0,0,0,0,0,0,0,0,42.677,1,42.677,0,0.071,557.604,2,278.802,112.936,0.928,0.000,6,0.000,0.000,-0.000,90.928,8,11.366,8.499,-0.071,0,0,0,0,0,34.049,22,1.548,0.971,-0.027,55.240,29,1.905,2.544,-0.043,41.425,23,1.801,1.901,-0.032,938.990,4,234.748,258.085,1.563,0.000,35,0.000,0.000,-0.000,0,0,0,0,0,0,0,0,0,0,0,0,0,0,0,0,0,0,0,0,0,0,0,0,0,0,0,0,0,0,256.186,16,16.012,21.720,-0.281,0,0,0,0,0,14.010,11,1.274,0.929,-0.015,70.479,25,2.819,3.039,-0.077,83.866,31,2.705,2.718,-0.092,756.150,12,63.013,110.401,1.258,0.000,10,0.000,0.000,-0.000,0,0,0,0,0,0.507,2,0.254,0.005,-0.001,53.266,6,8.878,12.751,-0.058,0,0,0,0,0,0,0,0,0,0,0.000,4,0.000,0.000,-0.000,111.604,10,11.160,14.246,-0.525,0,0,0,0,0,103.602,49,2.114,1.384,-0.487,218.522,57,3.834,5.055,-1.027,46.356,21,2.207,2.425,-0.218,406.806,12,33.901,52.325,0.677,0.000,102,0.000,0.000,-0.000,0.000,7,0.000,0.000,-0.000,1.756,1,1.756,0,-0.008,26.508,3,8.836,4.534,-0.125,0,0,0,0,0,0,0,0,0,0,0.000,2,0.000,0.000,-0.000,1.516,4,0.379,0.141,-0.001,0,0,0,0,0,79.723,29,2.749,2.360,-0.074,80.980,39,2.076,3.572,-0.075,19.547,19,1.029,0.418,-0.018,839.890,4,209.973,177.574,1.398,0.000,82,0.000,0.000,-0.000,0,0,0,0,0,0,0,0,0,0,0,0,0,0,0,0,0,0,0,0,0,0,0,0,0,0,0,0,0,0,253.730,22,11.533,10.275,-0.539,0,0,0,0,0,41.698,25,1.668,1.083,-0.089,158.086,47,3.364,3.247,-0.336,72.436,40,1.811,1.269,-0.154,535.924,14,38.280,55.717,0.892,0.000,45,0.000,0.000,-0.000,0,0,0,0,0,21.466,7,3.067,4.491,-0.046,38.500,10,3.850,5.581,-0.082,0,0,0,0,0,0,0,0,0,0,0,0,0,0,0,239.100,14,17.079,17.516,-0.395,0,0,0,0,0,75.215,50,1.504,0.832,-0.124,78.569,53,1.482,2.697,-0.130,75.863,26,2.918,2.200,-0.125,603.016,8,75.377,88.899,1.004,0.000,74,0.000,0.000,-0.000,0,0,0,0,0,37.999,8,4.750,4.674,-0.063,30.731,10,3.073,3.227,-0.051,0,0,0,0,0,0,0,0,0,0,0.000,2,0.000,0.000,-0.000,2.630,6,0.438,0.147,-0.002,0,0,0,0,0,41.224,22,1.874,1.011,-0.028,29.486,23,1.282,1.324,-0.020,5.575,6,0.929,0.295,-0.004,1047.890,6,174.648,37.348,1.744,0.000,56,0.000,0.000,-0.000,0,0,0,0,0,0,0,0,0,0,0,0,0,0,0,0,0,0,0,0,0,0,0,0,0,0,0,0,0,0,0,0,0,0,0,0,0,0,0,0,0,0,0,0,0,0,0,0,0,0,0,0,0,0,0,0,0,0,0,0,0,0,0,0,0,0,0,0,0,0,0,0,0,0,0,0,0,0,0,0,0,0,0,0,0,0,0,0,0,0,0,0,0,0,0,0,0,0,0,0,0,0,0,0,0,0,0,0,0,0,0,0,0,0,0,0,0,0,0,0,0,0,0,0,0,0,0,0,0,0,0,0,0,0,0,0,0,0,0,0,0,0,0,0,0,0,0,0,0,0,0,0,0,0,0,0,0,0,0,0,0,0,0,0,0,0,0,0,0,0,0,0,0,0,0,0,0,0,0,0,0,0,0,0,0,0,0,0,0,0,0,0,0,0,0,0,0,0,0,0,0,0,0,0,0,0,0,0,0,0,0,0,0,0,0,0,0,0,0,0
038 - Landcaster Park - 3 crows - No Bait,236.390,0,0,0,0,0,0,0,0,0,0,0,0,0,0,0,0,0,0,0,0,0,0,0,0,0,0,0,0,0,0,0,0,0,0,0,0,0,0,0,0,0,0,0,0,0,0,0,0,0,0,0,0,0,0,0,0,0,0,0,0,235.999,1,235.999,0,0.998,0,0,0,0,0,0,0,0,0,0,0,0,0,0,0,13.230,7,1.890,2.822,-0.027,19.755,5,3.951,2.365,-0.040,21.377,9,2.375,1.371,-0.044,363.230,4,90.807,102.239,1.537,0.000,5,0.000,0.000,-0.000,0,0,0,0,0,0,0,0,0,0,0,0,0,0,0,0,0,0,0,0,0,0,0,0,0,0,0,0,0,0,0,0,0,0,0,0,0,0,0,0,77.579,24,3.232,6.338,-0.966,17.989,12,1.499,1.274,-0.224,61.191,25,2.448,2.187,-0.762,158.352,14,11.311,11.044,0.670,0.000,59,0.000,0.000,-0.000,0,0,0,0,0,0,0,0,0,0,0,0,0,0,0,0,0,0,0,0,0,0,0,0,0,0,0,0,0,0,0,0,0,0,0,0,0,0,0,0,0,0,0,0,0,0,0,0,0,0,0,0,0,0,0,0,0,0,0,0,0,0,0,0,0,0,0,0,0,0,0,0,0,0,0,0,0,0,0,0,0,0,0,0,0,0,0,0,0,0,0,0,0,0,0,0,0,0,0,0,0,0,0,0,0,0,0,0,0,0,0,0,0,0,0,0,0,0,0,0,0,0,0,0,0,0,0,0,0,0,0,0,0,0,0,0,0,0,0,0,0,0,0,0,0,0,0,0,0,0,0,0,0,0,0,0,0,0,0,0,0,0,0,0,0,0,0,0,0,0,0,0,0,0,0,0,0,0,0,0,0,0,0,0,0,0,0,0,0,0,0,0,0,0,0,0,0,0,0,0,0,0,0,0,0,0,0,0,0,0,0,0,0,0,0,0,0,0,0,0,0,0,0,0,0,0,0,0,0,0,0,0,0,0,0,0,0,0,0,0,0,0,0,0,0,0,0,0,0,0,0,0,0,0,0,0,0,0,0,0,0,0,0,0,0,0,0,0,0,0,0,0,0,0,0,0,0,0,0,0,0,0,0,0,0,0,0,0,0,0,0,0,0,0,0,0,0,0,0,0,0,0,0,0,0,0,0,0,0,0,0,0,0,0,0,0,0,0,0,0,0,0,0,0,0,0,0,0,0,0,0,0,0,0,0,0,0,0,0,0,0,0,0,0,0,0,0,0,0,0,0,0,0,0,0,0,0,0,0,0,0,0,0,0,0,0,0,0,0,0,0,0,0,0,0,0,0,0,0,0,0,0,0,0,0,0,0,0,0,0,0,0,0,0,0,0,0,0,0,0,0,0,0,0,0,0,0,0,0,0,0,0,0,0,0,0,0,0,0,0,0,0,0,0,0,0,0,0,0,0,0,0,0,0,0,0,0,0,0,0,0,0,0,0,0,0,0,0,0,0,0,0,0,0,0,0,0,0,0,0,0,0,0,0,0,0,0,0,0,0,0,0,0,0,0,0,0,0,0,0,0,0,0,0,0,0,0,0,0,0,0,0,0,0,0,0,0,0,0,0,0,0,0,0,0,0,0,0,0,0,0,0,0,0,0,0,0,0,0,0,0,0,0,0,0,0,0,0,0,0,0,0,0,0,0,0,0,0,0,0,0,0,0,0,0
038-2 - Dairy Queen PLot - 7 crows - Baited,741.790,0,0,0,0,0,0,0,0,0,0,0,0,0,0,0,0,0,0,0,0,0,0,0,0,0,0,0,0,0,0,0,0,0,0,0,0,0,0,0,0,0,0,0,0,0,0,0,0,0,0,0,0,0,0,0,22.252,1,22.252,0,0.030,719.210,2,359.605,164.711,0.970,0.000,4,0.000,0.000,-0.000,63.110,10,6.311,8.558,-0.039,0,0,0,0,0,52.987,31,1.709,1.274,-0.033,54.634,40,1.366,1.895,-0.034,45.529,28,1.626,1.136,-0.028,1176.426,8,147.053,170.858,1.586,0.000,75,0.000,0.000,-0.000,0,0,0,0,0,0,0,0,0,0,0,0,0,0,0,0,0,0,0,0,0,0,0,0,0,0,0,0,0,0,21.528,4,5.382,5.636,-0.014,0,0,0,0,0,60.525,29,2.087,1.175,-0.040,83.731,36,2.326,2.784,-0.055,29.988,12,2.499,1.703,-0.020,1134.282,6,189.047,288.819,1.529,0.000,49,0.000,0.000,-0.000,0,0,0,0,0,0,0,0,0,0,0,0,0,0,0,0,0,0,0,0,0,0,0,0,0,0.000,2,0.000,0.000,-0.000,129.622,8,16.203,20.571,-0.094,0,0,0,0,0,69.686,40,1.742,1.387,-0.051,88.261,47,1.878,2.236,-0.064,53.614,27,1.986,1.341,-0.039,1059.578,6,176.596,247.671,1.428,0.000,67,0.000,0.000,-0.000,0,0,0,0,0,0,0,0,0,0,0,0,0,0,0,0,0,0,0,0,0,0,0,0,0,0,0,0,0,0,6.980,4,1.745,1.738,-0.004,0,0,0,0,0,25.713,18,1.428,1.150,-0.013,18.018,17,1.060,0.616,-0.009,18.490,10,1.849,2.117,-0.009,1358.394,4,339.599,277.840,1.831,0.000,21,0.000,0.000,-0.000,0,0,0,0,0,0,0,0,0,0,0,0,0,0,0,0,0,0,0,0,0,0,0,0,0,0.000,2,0.000,0.000,-0.000,33.000,6,5.500,4.502,-0.017,0,0,0,0,0,9.025,6,1.504,0.614,-0.005,25.619,16,1.601,1.493,-0.013,24.849,14,1.775,1.379,-0.013,1363.866,6,227.311,268.611,1.839,0.000,8,0.000,0.000,-0.000,0,0,0,0,0,0,0,0,0,0,0,0,0,0,0,0,0,0,0,0,0,0,0,0,0,0,0,0,0,0,3.494,2,1.747,0.000,-0.002,0,0,0,0,0,0,0,0,0,0,0,0,0,0,0,1.747,1,1.747,0,-0.001,1479.430,4,369.858,291.104,1.994,0,0,0,0,0,0,0,0,0,0,0,0,0,0,0,0,0,0,0,0,0,0,0,0,0,0,0,0,0,0,0,0,0,0,0,374.166,24,15.590,25.323,107.457,0,0,0,0,0,204.319,115,1.777,1.167,58.679,184.906,139,1.330,1.709,53.103,167.095,63,2.652,3.584,47.988,369.154,24,15.381,34.686,0.498,0.000,238,0.000,0.000,0.000,0,0,0,0,0,0,0,0,0,0,0,0,0,0,0,0,0,0,0,0,0,0,0,0,0,0,0,0,0,0,0,0,0,0,0,0,0,0,0,0,0,0,0,0,0,0,0,0,0,0,0,0,0,0,0,0,0,0,0,0,0,0,0,0,0,0,0,0,0,0,0,0,0,0,0,0,0,0,0,0,0,0,0,0,0,0,0,0,0,0,0,0,0,0,0,0,0,0,0,0,0,0,0,0,0,0,0,0,0,0,0,0,0,0,0,0,0,0,0,0,0,0,0,0,0,0,0,0,0,0,0,0,0,0,0,0,0,0,0,0,0,0,0,0,0,0,0,0,0,0,0,0,0,0,0,0,0,0,0,0,0,0,0,0,0,0,0,0,0,0,0,0,0,0,0,0,0,0,0,0,0,0,0,0,0,0,0,0,0,0,0,0,0,0,0,0,0,0,0,0,0,0,0,0,0,0,0,0,0,0,0,0,0,0,0,0,0,0,0,0
039 - Glen Morris Dr - 2 crows - Baited,574.870,0,0,0,0,0,0,0,0,0,0,0,0,0,0,0,0,0,0,0,0,0,0,0,0,0,0,0,0,0,0,0,0,0,0,0,0,0,0,0,0,0,0,0,0,0,0,0,0,0,0,0,0,0,0,0,574.181,1,574.181,0,0.999,0,0,0,0,0,0,0,0,0,0,0,0,0,0,0,0,0,0,0,0,89.018,20,4.451,3.501,-0.077,50.196,22,2.282,2.381,-0.043,2.519,4,0.630,0.588,-0.002,864.808,6,144.135,221.163,1.504,0.000,94,0.000,0.000,-0.000,0,0,0,0,0,0,0,0,0,0,0,0,0,0,0,0,0,0,0,0,0,0,0,0,0,0,0,0,0,0,0,0,0,0,0,0,0,0,0,0,130.322,63,2.069,1.555,-0.162,78.117,65,1.202,1.943,-0.097,20.529,9,2.281,2.535,-0.026,688.650,10,68.865,126.051,1.198,0.000,166,0.000,0.000,-0.000,0,0,0,0,0,0,0,0,0,0,0,0,0,0,0,0,0,0,0,0,0,0,0,0,0,0,0,0,0,0,0,0,0,0,0,0,0,0,0,0,0,0,0,0,0,0,0,0,0,0,0,0,0,0,0,0,0,0,0,0,0,0,0,0,0,0,0,0,0,0,0,0,0,0,0,0,0,0,0,0,0,0,0,0,0,0,0,0,0,0,0,0,0,0,0,0,0,0,0,0,0,0,0,0,0,0,0,0,0,0,0,0,0,0,0,0,0,0,0,0,0,0,0,0,0,0,0,0,0,0,0,0,0,0,0,0,0,0,0,0,0,0,0,0,0,0,0,0,0,0,0,0,0,0,0,0,0,0,0,0,0,0,0,0,0,0,0,0,0,0,0,0,0,0,0,0,0,0,0,0,0,0,0,0,0,0,0,0,0,0,0,0,0,0,0,0,0,0,0,0,0,0,0,0,0,0,0,0,0,0,0,0,0,0,0,0,0,0,0,0,0,0,0,0,0,0,0,0,0,0,0,0,0,0,0,0,0,0,0,0,0,0,0,0,0,0,0,0,0,0,0,0,0,0,0,0,0,0,0,0,0,0,0,0,0,0,0,0,0,0,0,0,0,0,0,0,0,0,0,0,0,0,0,0,0,0,0,0,0,0,0,0,0,0,0,0,0,0,0,0,0,0,0,0,0,0,0,0,0,0,0,0,0,0,0,0,0,0,0,0,0,0,0,0,0,0,0,0,0,0,0,0,0,0,0,0,0,0,0,0,0,0,0,0,0,0,0,0,0,0,0,0,0,0,0,0,0,0,0,0,0,0,0,0,0,0,0,0,0,0,0,0,0,0,0,0,0,0,0,0,0,0,0,0,0,0,0,0,0,0,0,0,0,0,0,0,0,0,0,0,0,0,0,0,0,0,0,0,0,0,0,0,0,0,0,0,0,0,0,0,0,0,0,0,0,0,0,0,0,0,0,0,0,0,0,0,0,0,0,0,0,0,0,0,0,0,0,0,0,0,0,0,0,0,0,0,0,0,0,0,0,0,0,0,0,0,0,0,0,0,0,0,0,0,0,0,0,0,0,0,0,0,0,0,0,0,0,0,0,0,0,0,0,0,0,0,0,0,0,0,0,0,0,0,0,0,0,0,0,0,0,0,0,0,0,0,0,0,0,0,0,0,0,0,0,0,0,0,0,0,0,0,0,0,0,0,0,0,0,0,0,0,0,0,0
040 - Dairy Queen PLot - 3 crows - Baited,1200.050,0,0,0,0,0,0,0,0,0,0,0.000,14,0.000,0.000,0.000,0,0,0,0,0,0,0,0,0,0,0,0,0,0,0,0,0,0,0,0,0,0,0,0,0,0,0,0,0,0,0,0,0,0,0,0,0,0,0,0,49.412,1,49.412,0,0.041,1150.260,1,1150.260,0,0.959,0,0,0,0,0,117.338,18,6.519,7.276,-0.039,0,0,0,0,0,55.529,29,1.915,1.207,-0.019,52.289,40,1.307,0.963,-0.017,44.448,22,2.020,1.593,-0.015,2094.620,14,149.616,284.198,1.745,0.000,27,0.000,0.000,-0.000,0.000,12,0.000,0.000,-0.000,0,0,0,0,0,0,0,0,0,0,0,0,0,0,0,0,0,0,0,0,0,0,0,0,0,133.886,6,22.314,18.227,-0.041,0,0,0,0,0,40.736,24,1.697,1.073,-0.013,33.513,24,1.396,1.530,-0.010,14.904,6,2.484,2.045,-0.005,2220.932,2,1110.466,0.000,1.851,0.000,37,0.000,0.000,-0.000,0,0,0,0,0,0,0,0,0,0,0,0,0,0,0,0,0,0,0,0,0,0,0,0,0,0,0,0,0,0,0,0,0,0,0,0,0,0,0,0,0,0,0,0,0,0,0,0,0,0,0,0,0,0,0,0,0,0,0,0,0,0,0,0,0,0,0,0,0,0,0,0,0,0,0,0,0,0,0,0,0,0,0,0,0,0,0,0,0,0,0,0,0,0,0,0,0,0,0,0,0,0,0,0,0,0,0,0,0,0,0,0,0,0,0,0,0,0,0,0,0,0,0,0,0,0,0,0,0,0,0,0,0,0,0,0,0,0,0,0,0,0,0,0,0,0,0,0,0,0,0,0,0,0,0,0,0,0,0,0,0,0,0,0,0,0,0,0,0,0,0,0,0,0,0,0,0,0,0,0,0,0,0,0,0,0,0,0,0,0,0,0,0,0,0,0,0,0,0,0,0,0,0,0,0,0,0,0,0,0,0,0,0,0,0,0,0,0,0,0,0,0,0,0,0,0,0,0,0,0,0,0,0,0,0,0,0,0,0,0,0,0,0,0,0,0,0,0,0,0,0,0,0,0,0,0,0,0,0,0,0,0,0,0,0,0,0,0,0,0,0,0,0,0,0,0,0,0,0,0,0,0,0,0,0,0,0,0,0,0,0,0,0,0,0,0,0,0,0,0,0,0,0,0,0,0,0,0,0,0,0,0,0,0,0,0,0,0,0,0,0,0,0,0,0,0,0,0,0,0,0,0,0,0,0,0,0,0,0,0,0,0,0,0,0,0,0,0,0,0,0,0,0,0,0,0,0,0,0,0,0,0,0,0,0,0,0,0,0,0,0,0,0,0,0,0,0,0,0,0,0,0,0,0,0,0,0,0,0,0,0,0,0,0,0,0,0,0,0,0,0,0,0,0,0,0,0,0,0,0,0,0,0,0,0,0,0,0,0,0,0,0,0,0,0,0,0,0,0,0,0,0,0,0,0,0,0,0,0,0,0,0,0,0,0,0,0,0,0,0,0,0,0,0,0,0,0,0,0,0,0,0,0,0,0,0,0,0,0,0,0,0,0,0,0,0,0,0,0,0,0,0,0,0,0,0,0,0,0,0,0,0,0,0,0,0,0,0,0,0,0,0,0,0,0,0,0,0,0,0,0,0,0,0,0,0,0,0,0,0,0,0,0,0,0,0,0,0,0,0,0,0,0,0,0,0,0,0,0,0,0,0,0,0,0
041 - FVM - 7 crows - Baited,1366.520,0,0,0,0,0,0,0,0,0,0,0.000,18,0.000,0.000,0.000,0,0,0,0,0,0,0,0,0,0,0,0,0,0,0,0,0,0,0,0,0,0,0,0,0,0,0,0,0,0,0,0,0,0,0,0,0,0,0,0,0,0,0,0,0,1366.216,1,1366.216,0,1.000,0.000,2,0.000,0.000,-0.000,332.624,12,27.719,29.952,-0.273,0,0,0,0,0,357.323,173,2.065,1.613,-0.293,260.780,184,1.417,2.171,-0.214,101.052,50,2.021,2.305,-0.083,1293.296,24,53.887,122.339,0.946,0.000,535,0.000,0.000,-0.000,0,0,0,0,0,0,0,0,0,0,0,0,0,0,0,0,0,0,0,0,0,0,0,0,0,0.000,2,0.000,0.000,-0.000,280.060,18,15.559,18.800,-0.119,0,0,0,0,0,206.717,99,2.088,1.544,-0.088,139.365,106,1.315,2.262,-0.059,88.714,52,1.706,1.505,-0.038,1861.812,32,58.182,221.580,1.362,0.000,240,0.000,0.000,-0.000,0.000,27,0.000,0.000,-0.000,0,0,0,0,0,0,0,0,0,0,0,0,0,0,0,0,0,0,0,0,0.000,2,0.000,0.000,-0.000,47.524,4,11.881,13.140,-0.015,0,0,0,0,0,88.637,34,2.607,1.608,-0.028,108.950,46,2.368,3.253,-0.035,38.026,20,1.901,1.684,-0.012,2260.996,12,188.416,409.115,1.655,0.000,79,0.000,0.000,-0.000,0,0,0,0,0,0,0,0,0,0,0,0,0,0,0,0,0,0,0,0,0,0,0,0,0,0,0,0,0,0,31.020,4,7.755,7.802,-0.010,0,0,0,0,0,84.317,47,1.794,1.072,-0.026,96.431,66,1.461,1.633,-0.030,39.540,29,1.363,1.211,-0.012,2291.564,10,229.156,427.013,1.677,0.000,72,0.000,0.000,-0.000,0,0,0,0,0,0,0,0,0,0,0,0,0,0,0,0,0,0,0,0,0,0,0,0,0,0,0,0,0,0,3.066,2,1.533,0.000,-0.001,0,0,0,0,0,0,0,0,0,0,0,0,0,0,0,1.533,1,1.533,0,-0.000,2729.362,4,682.340,594.638,1.997,0,0,0,0,0,0,0,0,0,0,0,0,0,0,0,0,0,0,0,0,0,0,0,0,0,0,0,0,0,0,0,0,0,0,0,0,0,0,0,0,0,0,0,0,0,0,0,0,0,0,0,0,0,0,0,0,0,0,0,0,0,0,0,0,0,0,0,0,0,0,0,0,0,0,0,0,0,0,0,0,0,0,0,0,0,0,0,0,0,0,0,0,0,0,0,0,0,0,0,0,0,0,0,0,0,0,0,0,0,0,0,0,0,0,0,0,0,0,0,0,0,0,0,0,0,0,0,0,0,0,0,0,0,0,0,0,0,0,0,0,0,0,0,0,0,0,0,0,0,0,0,0,0,0,0,0,0,0,0,0,0,0,0,0,0,0,0,0,0,0,0,0,0,0,0,0,0,0,0,0,0,0,0,0,0,0,0,0,0,0,0,0,0,0,0,0,0,0,0,0,0,0,0,0,0,0,0,0,0,0,0,0,0,0,0,0,0,0,0,0,0,0,0,0,0,0,0,0,0,0,0,0,0,0,0,0,0,0,0,0,0,0,0,0,0,0,0,0,0,0,0,0,0,0,0,0,0,0,0,0,0,0,0,0,0,0,0,0,0,0,0,0,0,0,0,0,0,0,0,0,0,0,0,0,0,0,0,0,0,0,0,0,0,0,0,0,0,0,0,0,0,0,0,0,0,0,0,0,0,0,0,0,0,0,0,0,0,0,0,0,0,0,0,0,0,0,0,0,0,0,0,0,0,0,0,0,0,0,0,0,0,0,0,0,0,0,0,0,0,0,0,0,0,0,0
042 - CIBC PLot - 2 crows - Baited,616.520,0,0,0,0,0,0,0,0,0,0,0.000,30,0.000,0.000,0.000,0,0,0,0,0,0,0,0,0,0,0,0,0,0,0,0,0,0,0,0,0,0,0,0,0,0,0,0,0,0,0,0,0,0,0,0,0,0,0,0,568.632,3,189.544,160.224,0.922,47.409,2,23.704,28.039,0.077,0,0,0,0,0,43.898,4,10.975,12.393,-0.030,0,0,0,0,0,31.970,29,1.102,0.596,-0.022,28.778,32,0.899,0.594,-0.020,12.224,14,0.873,0.571,-0.008,1046.056,8,130.757,171.581,1.697,0.000,33,0.000,0.000,-0.000,0,0,0,0,0,6.009,3,2.003,0.871,-0.004,13.952,3,4.651,1.403,-0.009,0,0,0,0,0,0,0,0,0,0,0,0,0,0,0,2.482,2,1.241,0.000,-0.002,0,0,0,0,0,84.275,55,1.532,0.981,-0.080,96.707,60,1.612,1.598,-0.091,16.311,14,1.165,0.736,-0.015,837.236,16,52.327,91.704,1.358,0.000,96,0.000,0.000,-0.000,0,0,0,0,0,0,0,0,0,0,0,0,0,0,0,0,0,0,0,0,0,0,0,0,0,0,0,0,0,0,0,0,0,0,0,0,0,0,0,0,0,0,0,0,0,0,0,0,0,0,0,0,0,0,0,0,0,0,0,0,0,0,0,0,0,0,0,0,0,0,0,0,0,0,0,0,0,0,0,0,0,0,0,0,0,0,0,0,0,0,0,0,0,0,0,0,0,0,0,0,0,0,0,0,0,0,0,0,0,0,0,0,0,0,0,0,0,0,0,0,0,0,0,0,0,0,0,0,0,0,0,0,0,0,0,0,0,0,0,0,0,0,0,0,0,0,0,0,0,0,0,0,0,0,0,0,0,0,0,0,0,0,0,0,0,0,0,0,0,0,0,0,0,0,0,0,0,0,0,0,0,0,0,0,0,0,0,0,0,0,0,0,0,0,0,0,0,0,0,0,0,0,0,0,0,0,0,0,0,0,0,0,0,0,0,0,0,0,0,0,0,0,0,0,0,0,0,0,0,0,0,0,0,0,0,0,0,0,0,0,0,0,0,0,0,0,0,0,0,0,0,0,0,0,0,0,0,0,0,0,0,0,0,0,0,0,0,0,0,0,0,0,0,0,0,0,0,0,0,0,0,0,0,0,0,0,0,0,0,0,0,0,0,0,0,0,0,0,0,0,0,0,0,0,0,0,0,0,0,0,0,0,0,0,0,0,0,0,0,0,0,0,0,0,0,0,0,0,0,0,0,0,0,0,0,0,0,0,0,0,0,0,0,0,0,0,0,0,0,0,0,0,0,0,0,0,0,0,0,0,0,0,0,0,0,0,0,0,0,0,0,0,0,0,0,0,0,0,0,0,0,0,0,0,0,0,0,0,0,0,0,0,0,0,0,0,0,0,0,0,0,0,0,0,0,0,0,0,0,0,0,0,0,0,0,0,0,0,0,0,0,0,0,0,0,0,0,0,0,0,0,0,0,0,0,0,0,0,0,0,0,0,0,0,0,0,0,0,0,0,0,0,0,0,0,0,0,0,0,0,0,0,0,0,0,0,0,0,0,0,0,0,0,0,0,0,0,0,0,0,0,0,0,0,0,0,0,0,0,0,0,0,0,0,0,0,0,0,0,0,0,0,0,0,0,0,0,0,0,0,0,0,0,0,0,0,0,0,0,0,0,0,0,0,0,0,0,0,0,0,0,0,0,0,0,0,0,0,0,0,0,0,0,0,0
043 - Ontario Bodyshop PLot - 2 crows - Baited,497.350,0,0,0,0,0,0,0,0,0,0,0.000,96,0.000,0.000,0.000,0,0,0,0,0,0,0,0,0,0,0,0,0,0,0,0,0,0,0,0,0,0,0,0,0,0,0,0,0,0,0,0,0,0,0,0,0,0,0,0,0,0,0,0,0,496.986,1,496.986,0,0.999,0.000,2,0.000,0.000,-0.000,33.506,12,2.792,3.112,-0.025,0,0,0,0,0,4.515,6,0.753,0.276,-0.003,9.446,6,1.574,0.721,-0.007,17.544,10,1.754,0.989,-0.013,930.912,8,116.364,110.795,1.872,0.000,6,0.000,0.000,-0.000,0,0,0,0,0,0,0,0,0,0,0,0,0,0,0,0,0,0,0,0,0,0,0,0,0,0,0,0,0,0,14.512,8,1.814,1.545,-0.010,0,0,0,0,0,1.748,3,0.583,0.142,-0.001,8.504,6,1.417,1.019,-0.006,8.743,6,1.457,1.167,-0.006,955.948,6,159.325,122.141,1.922,0.000,2,0.000,0.000,-0.000,0,0,0,0,0,0,0,0,0,0,0,0,0,0,0,0,0,0,0,0,0,0,0,0,0,0,0,0,0,0,0,0,0,0,0,0,0,0,0,0,0,0,0,0,0,0,0,0,0,0,0,0,0,0,0,0,0,0,0,0,0,0,0,0,0,0,0,0,0,0,0,0,0,0,0,0,0,0,0,0,0,0,0,0,0,0,0,0,0,0,0,0,0,0,0,0,0,0,0,0,0,0,0,0,0,0,0,0,0,0,0,0,0,0,0,0,0,0,0,0,0,0,0,0,0,0,0,0,0,0,0,0,0,0,0,0,0,0,0,0,0,0,0,0,0,0,0,0,0,0,0,0,0,0,0,0,0,0,0,0,0,0,0,0,0,0,0,0,0,0,0,0,0,0,0,0,0,0,0,0,0,0,0,0,0,0,0,0,0,0,0,0,0,0,0,0,0,0,0,0,0,0,0,0,0,0,0,0,0,0,0,0,0,0,0,0,0,0,0,0,0,0,0,0,0,0,0,0,0,0,0,0,0,0,0,0,0,0,0,0,0,0,0,0,0,0,0,0,0,0,0,0,0,0,0,0,0,0,0,0,0,0,0,0,0,0,0,0,0,0,0,0,0,0,0,0,0,0,0,0,0,0,0,0,0,0,0,0,0,0,0,0,0,0,0,0,0,0,0,0,0,0,0,0,0,0,0,0,0,0,0,0,0,0,0,0,0,0,0,0,0,0,0,0,0,0,0,0,0,0,0,0,0,0,0,0,0,0,0,0,0,0,0,0,0,0,0,0,0,0,0,0,0,0,0,0,0,0,0,0,0,0,0,0,0,0,0,0,0,0,0,0,0,0,0,0,0,0,0,0,0,0,0,0,0,0,0,0,0,0,0,0,0,0,0,0,0,0,0,0,0,0,0,0,0,0,0,0,0,0,0,0,0,0,0,0,0,0,0,0,0,0,0,0,0,0,0,0,0,0,0,0,0,0,0,0,0,0,0,0,0,0,0,0,0,0,0,0,0,0,0,0,0,0,0,0,0,0,0,0,0,0,0,0,0,0,0,0,0,0,0,0,0,0,0,0,0,0,0,0,0,0,0,0,0,0,0,0,0,0,0,0,0,0,0,0,0,0,0,0,0,0,0,0,0,0,0,0,0,0,0,0,0,0,0,0,0,0,0,0,0,0,0,0,0,0,0,0,0,0,0,0,0,0,0,0,0,0,0,0,0,0,0,0,0
043-2 - Esso PLot - 25 crows - Baited,121.607,0,0,0,0,0,0,0,0,0,0,0.000,8,0.000,0.000,0.000,0,0,0,0,0,0,0,0,0,0,0,0,0,0,0,0,0,0,0,0,0,0,0,0,0,0,0,0,0,0,0,0,0,0,0,0,0,0,0,0,0,0,0,0,0,121.524,1,121.524,0,0.999,0,0,0,0,0,19.518,14,1.394,1.365,-0.078,0,0,0,0,0,7.494,4,1.873,1.921,-0.030,7.746,5,1.549,1.419,-0.031,13.499,10,1.350,1.126,-0.054,185.690,10,18.569,31.129,1.527,0.000,13,0.000,0.000,-0.000,0,0,0,0,0,0,0,0,0,0,0,0,0,0,0,0,0,0,0,0,0,0,0,0,0,0,0,0,0,0,21.486,14,1.535,0.803,-0.101,0,0,0,0,0,9.745,6,1.624,1.455,-0.046,13.092,9,1.455,1.571,-0.062,15.165,14,1.083,1.024,-0.071,167.160,10,16.716,25.297,1.375,0.000,9,0.000,0.000,-0.000,0,0,0,0,0,0,0,0,0,0,0,0,0,0,0,0,0,0,0,0,0,0,0,0,0,0,0,0,0,0,2.002,4,0.501,0.290,-0.009,0,0,0,0,0,17.001,9,1.889,2.410,-0.073,10.739,10,1.074,0.950,-0.046,5.499,8,0.687,0.594,-0.024,176.678,8,22.085,34.053,1.453,0.000,24,0.000,0.000,-0.000,0,0,0,0,0,0,0,0,0,0,0,0,0,0,0,0,0,0,0,0,0,0,0,0,0,0,0,0,0,0,18.492,10,1.849,1.198,-0.072,0,0,0,0,0,13.750,3,4.583,4.141,-0.054,0.249,1,0.249,0,-0.001,12.997,7,1.857,1.264,-0.051,189.194,8,23.649,33.221,1.556,0.000,23,0.000,0.000,-0.000,0,0,0,0,0,0,0,0,0,0,0,0,0,0,0,0,0,0,0,0,0,0,0,0,0,0,0,0,0,0,5.506,8,0.688,0.221,-0.017,0,0,0,0,0,5.498,3,1.833,1.528,-0.017,0,0,0,0,0,4.247,5,0.849,0.488,-0.013,223.704,6,37.284,31.008,1.840,0.000,8,0.000,0.000,-0.000,0,0,0,0,0,0,0,0,0,0,0,0,0,0,0,0,0,0,0,0,0,0,0,0,0,0,0,0,0,0,2.502,4,0.625,0.432,-0.009,0,0,0,0,0,11.759,8,1.470,1.467,-0.042,8.489,8,1.061,0.980,-0.031,1.749,2,0.874,0.530,-0.006,199.180,6,33.197,35.541,1.638,0.000,19,0.000,0.000,-0.000,0,0,0,0,0,0,0,0,0,0,0,0,0,0,0,0,0,0,0,0,0,0,0,0,0,0,0,0,0,0,3.504,4,0.876,0.144,-0.011,0,0,0,0,0,2.996,3,0.999,1.090,-0.009,2.498,3,0.833,0.628,-0.008,3.006,3,1.002,0.663,-0.009,226.194,4,56.549,40.871,1.860,0.000,7,0.000,0.000,-0.000,0,0,0,0,0,0,0,0,0,0,0,0,0,0,0,0,0,0,0,0,0,0,0,0,0,0,0,0,0,0,5.504,4,1.376,0.144,-0.016,0,0,0,0,0,1.250,1,1.250,0,-0.004,1.499,1,1.499,0,-0.004,4.748,3,1.583,1.260,-0.014,228.208,4,57.052,40.008,1.877,0.000,3,0.000,0.000,-0.000,0,0,0,0,0,0,0,0,0,0,0,0,0,0,0,0,0,0,0,0,0,0,0,0,0,0,0,0,0,0,2.500,4,0.625,0.433,-0.009,0,0,0,0,0,12.253,8,1.532,1.327,-0.043,5.495,8,0.687,0.821,-0.019,2.497,3,0.832,0.628,-0.009,202.686,6,33.781,35.302,1.667,0.000,19,0.000,0.000,-0.000,0,0,0,0,0,0,0,0,0,0,0,0,0,0,0,0,0,0,0,0,0,0,0,0,0,0,0,0,0,0,3.498,4,0.875,0.722,-0.012,0,0,0,0,0,9.746,4,2.436,1.599,-0.034,5.258,5,1.052,0.205,-0.018,3.496,3,1.165,0.946,-0.012,206.186,6,34.364,36.235,1.696,0.000,11,0.000,0.000,-0.000,0,0,0,0,0,0,0,0,0,0,0,0,0,0,0,0,0,0,0,0,0,0,0,0,0
045 - Ontario Esso - 5 crows - Baited,1020.820,0,0,0,0,0,0,0,0,0,0,0.000,68,0.000,0.000,0.000,0,0,0,0,0,0,0,0,0,0,0,0,0,0,0,0,0,0,0,0,0,0,0,0,0,0,0,0,0,0,0,0,0,0,0,0,0,0,0,0,0,0,0,0,0,1020.462,1,1020.462,0,1.000,0,0,0,0,0,10.490,12,0.874,0.200,-0.004,0,0,0,0,0,7.772,8,0.971,0.570,-0.003,15.210,14,1.086,1.166,-0.005,16.766,16,1.048,0.410,-0.006,1961.346,8,245.168,282.269,1.921,0.000,10,0.000,0.000,-0.000,0,0,0,0,0,0,0,0,0,0,0,0,0,0,0,0,0,0,0,0,0,0,0,0,0,0,0,0,0,0,6.498,8,0.812,0.291,-0.002,0,0,0,0,0,1.978,3,0.659,0.390,-0.001,5.282,3,1.761,0.666,-0.002,5.739,6,0.957,0.578,-0.002,2014.898,6,335.816,296.591,1.974,0.000,2,0.000,0.000,-0.000,0,0,0,0,0,0,0,0,0,0,0,0,0,0,0,0,0,0,0,0,0,0,0,0,0,0,0,0,0,0,0,0,0,0,0,0,0,0,0,0,0,0,0,0,0,0,0,0,0,0,0,0,0,0,0,0,0,0,0,0,0,0,0,0,0,0,0,0,0,0,0,0,0,0,0,0,0,0,0,0,0,0,0,0,0,0,0,0,0,0,0,0,0,0,0,0,0,0,0,0,0,0,0,0,0,0,0,0,0,0,0,0,0,0,0,0,0,0,0,0,0,0,0,0,0,0,0,0,0,0,0,0,0,0,0,0,0,0,0,0,0,0,0,0,0,0,0,0,0,0,0,0,0,0,0,0,0,0,0,0,0,0,0,0,0,0,0,0,0,0,0,0,0,0,0,0,0,0,0,0,0,0,0,0,0,0,0,0,0,0,0,0,0,0,0,0,0,0,0,0,0,0,0,0,0,0,0,0,0,0,0,0,0,0,0,0,0,0,0,0,0,0,0,0,0,0,0,0,0,0,0,0,0,0,0,0,0,0,0,0,0,0,0,0,0,0,0,0,0,0,0,0,0,0,0,0,0,0,0,0,0,0,0,0,0,0,0,0,0,0,0,0,0,0,0,0,0,0,0,0,0,0,0,0,0,0,0,0,0,0,0,0,0,0,0,0,0,0,0,0,0,0,0,0,0,0,0,0,0,0,0,0,0,0,0,0,0,0,0,0,0,0,0,0,0,0,0,0,0,0,0,0,0,0,0,0,0,0,0,0,0,0,0,0,0,0,0,0,0,0,0,0,0,0,0,0,0,0,0,0,0,0,0,0,0,0,0,0,0,0,0,0,0,0,0,0,0,0,0,0,0,0,0,0,0,0,0,0,0,0,0,0,0,0,0,0,0,0,0,0,0,0,0,0,0,0,0,0,0,0,0,0,0,0,0,0,0,0,0,0,0,0,0,0,0,0,0,0,0,0,0,0,0,0,0,0,0,0,0,0,0,0,0,0,0,0,0,0,0,0,0,0,0,0,0,0,0,0,0,0,0,0,0,0,0,0,0,0,0,0,0,0,0,0,0,0,0,0,0,0,0,0,0,0,0,0,0,0,0,0,0,0,0,0,0,0,0,0,0,0,0,0,0,0,0,0,0,0,0,0,0,0,0,0,0,0,0,0,0,0,0,0,0,0,0,0,0,0,0,0,0,0,0,0,0,0,0,0,0,0,0,0,0,0,0
